step_num,step_time_ms,data_transfer_time_ms,forward_time_ms,backward_time_ms,optimizer_time_ms,checkpoint_time_ms,gpu_memory_allocated_mb,gpu_memory_reserved_mb,gpu_memory_peak_mb,energy_step_j,co2_step_mg,gpu_temperature_c,gpu_utilization,gpu_memory_utilization,cpu_utilization,timestamp
0,658.113268,0.0,0.0,283.034171,0.0,0.0,3568.61376953125,17206.0,16890.529296875,102.329,0.8527416666666666,52.0,97.0,74.0,1.2,2026-04-06T14:49:33.704945
1,449.111304,0.0,0.0,269.892935,0.0,0.0,3568.61376953125,17206.0,16890.529296875,102.329,0.8527416666666666,52.0,97.0,74.0,1.2,2026-04-06T14:49:34.154387
2,473.736614,0.0,0.0,269.807154,0.0,0.0,3569.11376953125,19036.0,18699.89892578125,96.823,0.8068583333333332,55.0,99.0,75.0,1.1,2026-04-06T14:49:34.630807
3,471.230687,0.0,0.0,269.975827,0.0,0.0,3569.11376953125,19036.0,18699.89892578125,96.823,0.8068583333333332,55.0,99.0,75.0,1.1,2026-04-06T14:49:35.102258
4,473.209035,0.0,0.0,269.668772,0.0,0.0,3569.11376953125,19036.0,18699.89892578125,110.6105,0.9217541666666667,55.0,100.0,78.0,1.1,2026-04-06T14:49:35.578652
5,471.558533,0.0,0.0,270.252292,0.0,0.0,3569.11376953125,19036.0,18699.89892578125,110.6105,0.9217541666666667,55.0,100.0,78.0,1.1,2026-04-06T14:49:36.050454
6,472.897658,0.0,0.0,269.446997,0.0,0.0,3569.11376953125,19036.0,18699.89892578125,97.349,0.8112416666666667,56.0,99.0,79.0,1.1,2026-04-06T14:49:36.526402
7,471.293428,0.0,0.0,269.927076,0.0,0.0,3569.11376953125,19036.0,18699.89892578125,97.349,0.8112416666666667,56.0,99.0,79.0,1.1,2026-04-06T14:49:36.997937
8,473.545311,0.0,0.0,269.974688,0.0,0.0,3569.11376953125,19036.0,18699.89892578125,110.9055,0.9242125,56.0,99.0,77.0,1.1,2026-04-06T14:49:37.474404
9,471.596104,0.0,0.0,270.15207,0.0,0.0,3569.11376953125,19036.0,18699.89892578125,110.9055,0.9242125,56.0,99.0,77.0,1.1,2026-04-06T14:49:37.946224
10,473.585271,0.0,0.0,270.070879,0.0,0.0,3569.11376953125,19036.0,18699.89892578125,97.3395,0.8111625,56.0,99.0,74.0,1.1,2026-04-06T14:49:38.423480
11,470.924862,0.0,0.0,269.758483,0.0,0.0,3569.11376953125,19036.0,18699.89892578125,97.3395,0.8111625,56.0,99.0,74.0,1.1,2026-04-06T14:49:38.894684
12,472.765567,0.0,0.0,269.765113,0.0,0.0,3569.11376953125,19036.0,18699.89892578125,111.091,0.9257583333333333,56.0,100.0,78.0,1.1,2026-04-06T14:49:39.370081
13,472.136734,0.0,0.0,270.156841,0.0,0.0,3569.11376953125,19036.0,18699.89892578125,111.091,0.9257583333333333,56.0,100.0,78.0,1.1,2026-04-06T14:49:39.842444
14,473.349266,0.0,0.0,269.790623,0.0,0.0,3569.11376953125,19036.0,18699.89892578125,97.819,0.8151583333333334,56.0,99.0,79.0,1.1,2026-04-06T14:49:40.322836
15,467.65121,0.0,0.0,270.11423,0.0,0.0,3569.11376953125,19036.0,18699.89892578125,97.819,0.8151583333333334,56.0,99.0,79.0,1.1,2026-04-06T14:49:40.790719
16,474.188683,0.0,0.0,270.60665,0.0,0.0,3569.11376953125,19036.0,18699.89892578125,111.3475,0.9278958333333333,57.0,99.0,77.0,1.1,2026-04-06T14:49:41.267652
17,471.95747,0.0,0.0,270.255043,0.0,0.0,3569.11376953125,19036.0,18699.89892578125,111.3475,0.9278958333333333,57.0,99.0,77.0,1.1,2026-04-06T14:49:41.739850
18,472.889688,0.0,0.0,269.232383,0.0,0.0,3569.11376953125,19036.0,18699.89892578125,98.3535,0.8196125,57.0,99.0,76.0,1.1,2026-04-06T14:49:42.215993
19,471.286178,0.0,0.0,270.18504,0.0,0.0,3569.11376953125,19036.0,18699.89892578125,98.3535,0.8196125,57.0,99.0,76.0,1.1,2026-04-06T14:49:42.687512
20,473.718185,0.0,0.0,270.219521,0.0,0.0,3569.11376953125,19036.0,18699.89892578125,109.921,0.9160083333333333,57.0,100.0,77.0,1.1,2026-04-06T14:49:43.164512
21,471.257818,0.0,0.0,269.966687,0.0,0.0,3569.11376953125,19036.0,18699.89892578125,109.921,0.9160083333333333,57.0,100.0,77.0,1.1,2026-04-06T14:49:43.636009
22,473.745574,0.0,0.0,270.13104,0.0,0.0,3569.11376953125,19036.0,18699.89892578125,98.4325,0.8202708333333334,57.0,99.0,79.0,1.1,2026-04-06T14:49:44.112624
23,471.782077,0.0,0.0,270.310084,0.0,0.0,3569.11376953125,19036.0,18699.89892578125,98.4325,0.8202708333333334,57.0,99.0,79.0,1.1,2026-04-06T14:49:44.584639
24,474.186923,0.0,0.0,270.376204,0.0,0.0,3569.11376953125,19036.0,18699.89892578125,109.681,0.9140083333333333,57.0,99.0,77.0,1.1,2026-04-06T14:49:45.062919
25,470.446253,0.0,0.0,269.776155,0.0,0.0,3569.11376953125,19036.0,18699.89892578125,109.681,0.9140083333333333,57.0,99.0,77.0,1.1,2026-04-06T14:49:45.533597
26,473.784834,0.0,0.0,270.062509,0.0,0.0,3569.11376953125,19036.0,18699.89892578125,98.9505,0.8245875000000001,57.0,100.0,76.0,1.1,2026-04-06T14:49:46.010278
27,471.938821,0.0,0.0,270.491147,0.0,0.0,3569.11376953125,19036.0,18699.89892578125,98.9505,0.8245875000000001,57.0,100.0,76.0,1.1,2026-04-06T14:49:46.482450
28,473.977609,0.0,0.0,270.322534,0.0,0.0,3569.11376953125,19036.0,18699.89892578125,110.024,0.9168666666666667,57.0,100.0,77.0,1.1,2026-04-06T14:49:46.960714
29,471.007212,0.0,0.0,270.06583,0.0,0.0,3569.11376953125,19036.0,18699.89892578125,110.024,0.9168666666666667,57.0,100.0,77.0,1.1,2026-04-06T14:49:47.431961
30,473.773945,0.0,0.0,270.185831,0.0,0.0,3569.11376953125,19036.0,18699.89892578125,99.1265,0.8260541666666665,57.0,99.0,78.0,1.1,2026-04-06T14:49:47.908646
31,471.807318,0.0,0.0,270.256202,0.0,0.0,3569.11376953125,19036.0,18699.89892578125,99.1265,0.8260541666666665,57.0,99.0,78.0,1.1,2026-04-06T14:49:48.380676
32,473.727114,0.0,0.0,269.969337,0.0,0.0,3569.11376953125,19036.0,18699.89892578125,110.387,0.9198916666666667,57.0,99.0,77.0,1.1,2026-04-06T14:49:48.860141
33,469.172739,0.0,0.0,270.430317,0.0,0.0,3569.11376953125,19036.0,18699.89892578125,110.387,0.9198916666666667,57.0,99.0,77.0,1.1,2026-04-06T14:49:49.329555
34,474.261924,0.0,0.0,270.14161,0.0,0.0,3569.11376953125,19036.0,18699.89892578125,99.379,0.8281583333333334,58.0,100.0,76.0,1.1,2026-04-06T14:49:49.806536
35,472.000539,0.0,0.0,270.340076,0.0,0.0,3569.11376953125,19036.0,18699.89892578125,99.379,0.8281583333333334,58.0,100.0,76.0,1.1,2026-04-06T14:49:50.278761
36,473.8898,0.0,0.0,269.990235,0.0,0.0,3569.11376953125,19036.0,18699.89892578125,110.3415,0.9195125,57.0,100.0,77.0,1.1,2026-04-06T14:49:50.759841
37,467.772053,0.0,0.0,270.25562,0.0,0.0,3569.11376953125,19036.0,18699.89892578125,110.3415,0.9195125,57.0,100.0,77.0,1.1,2026-04-06T14:49:51.227847
38,474.390739,0.0,0.0,270.619626,0.0,0.0,3569.11376953125,19036.0,18699.89892578125,99.4455,0.8287125,58.0,99.0,79.0,1.1,2026-04-06T14:49:51.704987
39,471.936587,0.0,0.0,270.317922,0.0,0.0,3569.11376953125,19036.0,18699.89892578125,99.4455,0.8287125,58.0,99.0,79.0,1.1,2026-04-06T14:49:52.177152
40,473.555914,0.0,0.0,269.880644,0.0,0.0,3569.11376953125,19036.0,18699.89892578125,110.5285,0.9210708333333333,57.0,99.0,77.0,1.1,2026-04-06T14:49:52.659132
41,466.491441,0.0,0.0,270.20529,0.0,0.0,3569.11376953125,19036.0,18699.89892578125,110.5285,0.9210708333333333,57.0,99.0,77.0,1.1,2026-04-06T14:49:53.125873
42,474.093413,0.0,0.0,270.574627,0.0,0.0,3569.11376953125,19036.0,18699.89892578125,99.7125,0.8309375,58.0,100.0,75.0,1.1,2026-04-06T14:49:53.602758
43,472.16975,0.0,0.0,270.419753,0.0,0.0,3569.11376953125,19036.0,18699.89892578125,99.7125,0.8309375,58.0,100.0,75.0,1.1,2026-04-06T14:49:54.075168
44,474.033363,0.0,0.0,270.150938,0.0,0.0,3569.11376953125,19036.0,18699.89892578125,110.3905,0.9199208333333334,58.0,100.0,77.0,1.1,2026-04-06T14:49:54.552428
45,471.450287,0.0,0.0,270.125918,0.0,0.0,3569.11376953125,19036.0,18699.89892578125,110.3905,0.9199208333333334,58.0,100.0,77.0,1.1,2026-04-06T14:49:55.024106
46,474.749836,0.0,0.0,270.724649,0.0,0.0,3569.11376953125,19036.0,18699.89892578125,98.565,0.821375,58.0,99.0,78.0,1.1,2026-04-06T14:49:55.501850
47,471.904475,0.0,0.0,270.391254,0.0,0.0,3569.11376953125,19036.0,18699.89892578125,98.565,0.821375,58.0,99.0,78.0,1.1,2026-04-06T14:49:55.974076
48,474.075083,0.0,0.0,270.177319,0.0,0.0,3569.11376953125,19036.0,18699.89892578125,110.317,0.9193083333333333,58.0,99.0,76.0,1.1,2026-04-06T14:49:56.451192
49,471.652131,0.0,0.0,270.19514,0.0,0.0,3569.11376953125,19036.0,18699.89892578125,110.317,0.9193083333333333,58.0,99.0,76.0,1.1,2026-04-06T14:49:56.923077
50,474.053123,0.0,0.0,270.453984,0.0,0.0,3569.11376953125,19036.0,18699.89892578125,98.5895,0.8215791666666666,58.0,100.0,75.0,1.1,2026-04-06T14:49:57.400198
51,472.304992,0.0,0.0,270.513695,0.0,0.0,3569.11376953125,19036.0,18699.89892578125,98.5895,0.8215791666666666,58.0,100.0,75.0,1.1,2026-04-06T14:49:57.872738
52,474.098074,0.0,0.0,270.292402,0.0,0.0,3569.11376953125,19036.0,18699.89892578125,110.469,0.9205749999999999,58.0,100.0,77.0,1.1,2026-04-06T14:49:58.349737
53,471.663102,0.0,0.0,270.16383,0.0,0.0,3569.11376953125,19036.0,18699.89892578125,110.469,0.9205749999999999,58.0,100.0,77.0,1.1,2026-04-06T14:49:58.821633
54,474.122404,0.0,0.0,270.366683,0.0,0.0,3569.11376953125,19036.0,18699.89892578125,98.514,0.8209500000000001,59.0,99.0,77.0,1.1,2026-04-06T14:49:59.299193
55,471.352936,0.0,0.0,270.235251,0.0,0.0,3569.11376953125,19036.0,18699.89892578125,98.514,0.8209500000000001,59.0,99.0,77.0,1.1,2026-04-06T14:49:59.770767
56,474.870487,0.0,0.0,270.643718,0.0,0.0,3569.11376953125,19036.0,18699.89892578125,110.5685,0.9214041666666666,59.0,99.0,76.0,1.1,2026-04-06T14:50:00.248406
57,472.218941,0.0,0.0,270.407183,0.0,0.0,3569.11376953125,19036.0,18699.89892578125,110.5685,0.9214041666666666,59.0,99.0,76.0,1.1,2026-04-06T14:50:00.720852
58,474.296087,0.0,0.0,270.508615,0.0,0.0,3569.11376953125,19036.0,18699.89892578125,98.555,0.8212916666666666,59.0,100.0,76.0,1.1,2026-04-06T14:50:01.198823
59,471.350216,0.0,0.0,270.143379,0.0,0.0,3569.11376953125,19036.0,18699.89892578125,98.555,0.8212916666666666,59.0,100.0,76.0,1.1,2026-04-06T14:50:01.670408
60,474.745045,0.0,0.0,270.756509,0.0,0.0,3569.11376953125,19036.0,18699.89892578125,110.6135,0.9217791666666667,59.0,100.0,77.0,1.1,2026-04-06T14:50:02.147941
61,472.240321,0.0,0.0,270.437874,0.0,0.0,3569.11376953125,19036.0,18699.89892578125,110.6135,0.9217791666666667,59.0,100.0,77.0,1.1,2026-04-06T14:50:02.620408
62,474.792395,0.0,0.0,270.929482,0.0,0.0,3569.11376953125,19036.0,18699.89892578125,98.642,0.8220166666666666,59.0,99.0,77.0,1.1,2026-04-06T14:50:03.098179
63,471.953546,0.0,0.0,270.25987,0.0,0.0,3569.11376953125,19036.0,18699.89892578125,98.642,0.8220166666666666,59.0,99.0,77.0,1.1,2026-04-06T14:50:03.570352
64,474.577882,0.0,0.0,270.615767,0.0,0.0,3569.11376953125,19036.0,18699.89892578125,110.5115,0.9209291666666666,59.0,99.0,76.0,1.1,2026-04-06T14:50:04.047664
65,472.302532,0.0,0.0,270.390082,0.0,0.0,3569.11376953125,19036.0,18699.89892578125,110.5115,0.9209291666666666,59.0,99.0,76.0,1.1,2026-04-06T14:50:04.520205
66,474.455101,0.0,0.0,270.464505,0.0,0.0,3569.11376953125,19036.0,18699.89892578125,98.5605,0.8213375,59.0,100.0,76.0,1.1,2026-04-06T14:50:05.000643
67,469.9,0.0,0.0,270.912522,0.0,0.0,3569.11376953125,19036.0,18699.89892578125,98.5605,0.8213375,59.0,100.0,76.0,1.1,2026-04-06T14:50:05.470777
68,474.400169,0.0,0.0,270.243161,0.0,0.0,3569.11376953125,19036.0,18699.89892578125,110.305,0.9192083333333334,59.0,100.0,77.0,1.1,2026-04-06T14:50:05.948427
69,471.711712,0.0,0.0,270.459985,0.0,0.0,3569.11376953125,19036.0,18699.89892578125,110.305,0.9192083333333334,59.0,100.0,77.0,1.1,2026-04-06T14:50:06.420366
70,474.274507,0.0,0.0,270.624466,0.0,0.0,3569.11376953125,19036.0,18699.89892578125,98.6695,0.8222458333333333,59.0,99.0,78.0,1.1,2026-04-06T14:50:06.897367
71,472.371344,0.0,0.0,270.588455,0.0,0.0,3569.11376953125,19036.0,18699.89892578125,98.6695,0.8222458333333333,59.0,99.0,78.0,1.1,2026-04-06T14:50:07.369970
72,474.725095,0.0,0.0,270.357572,0.0,0.0,3569.11376953125,19036.0,18699.89892578125,110.742,0.9228500000000001,59.0,99.0,76.0,1.1,2026-04-06T14:50:07.847828
73,471.884804,0.0,0.0,270.449584,0.0,0.0,3569.11376953125,19036.0,18699.89892578125,110.742,0.9228500000000001,59.0,99.0,76.0,1.1,2026-04-06T14:50:08.320046
74,474.676894,0.0,0.0,270.897542,0.0,0.0,3569.11376953125,19036.0,18699.89892578125,98.6645,0.8222041666666666,59.0,100.0,75.0,1.1,2026-04-06T14:50:08.797422
75,472.662349,0.0,0.0,270.680469,0.0,0.0,3569.11376953125,19036.0,18699.89892578125,98.6645,0.8222041666666666,59.0,100.0,75.0,1.1,2026-04-06T14:50:09.270333
76,474.49049,0.0,0.0,270.306082,0.0,0.0,3569.11376953125,19036.0,18699.89892578125,110.633,0.9219416666666667,60.0,100.0,77.0,1.1,2026-04-06T14:50:09.748033
77,471.843084,0.0,0.0,270.369282,0.0,0.0,3569.11376953125,19036.0,18699.89892578125,110.633,0.9219416666666667,60.0,100.0,77.0,1.1,2026-04-06T14:50:10.220099
78,474.784465,0.0,0.0,270.80828,0.0,0.0,3569.11376953125,19036.0,18699.89892578125,98.5635,0.8213625000000001,60.0,99.0,78.0,1.1,2026-04-06T14:50:10.697587
79,472.685909,0.0,0.0,270.109848,0.0,0.0,3569.11376953125,19036.0,18699.89892578125,98.5635,0.8213625000000001,60.0,99.0,78.0,1.1,2026-04-06T14:50:11.170502
80,474.834266,0.0,0.0,270.417773,0.0,0.0,3569.11376953125,19036.0,18699.89892578125,110.7285,0.9227375,59.0,99.0,77.0,1.1,2026-04-06T14:50:11.663119
81,457.23656,0.0,0.0,270.691998,0.0,0.0,3569.11376953125,19036.0,18699.89892578125,110.7285,0.9227375,59.0,99.0,77.0,1.1,2026-04-06T14:50:12.120606
82,474.669733,0.0,0.0,270.736049,0.0,0.0,3569.11376953125,19036.0,18699.89892578125,99.147,0.8262250000000001,60.0,100.0,75.0,1.1,2026-04-06T14:50:12.598025
83,472.980664,0.0,0.0,270.81464,0.0,0.0,3569.11376953125,19036.0,18699.89892578125,99.147,0.8262250000000001,60.0,100.0,75.0,1.1,2026-04-06T14:50:13.071232
84,474.626703,0.0,0.0,270.337452,0.0,0.0,3569.11376953125,19036.0,18699.89892578125,110.72,0.9226666666666666,59.0,100.0,77.0,1.1,2026-04-06T14:50:13.552636
85,468.248271,0.0,0.0,270.579726,0.0,0.0,3569.11376953125,19036.0,18699.89892578125,110.72,0.9226666666666666,59.0,100.0,77.0,1.1,2026-04-06T14:50:14.021107
86,474.611554,0.0,0.0,270.645888,0.0,0.0,3569.11376953125,19036.0,18699.89892578125,99.356,0.8279666666666666,60.0,99.0,78.0,1.1,2026-04-06T14:50:14.498724
87,472.340173,0.0,0.0,270.575386,0.0,0.0,3569.11376953125,19036.0,18699.89892578125,99.356,0.8279666666666666,60.0,99.0,78.0,1.1,2026-04-06T14:50:14.971291
88,474.815106,0.0,0.0,270.670228,0.0,0.0,3569.11376953125,19036.0,18699.89892578125,110.5235,0.9210291666666667,59.0,99.0,76.0,1.1,2026-04-06T14:50:15.452062
89,469.724498,0.0,0.0,270.951023,0.0,0.0,3569.11376953125,19036.0,18699.89892578125,110.5235,0.9210291666666667,59.0,99.0,76.0,1.1,2026-04-06T14:50:15.922009
90,474.604953,0.0,0.0,270.515035,0.0,0.0,3569.11376953125,19036.0,18699.89892578125,99.466,0.8288833333333333,60.0,100.0,76.0,1.1,2026-04-06T14:50:16.399414
91,472.631228,0.0,0.0,270.700488,0.0,0.0,3569.11376953125,19036.0,18699.89892578125,99.466,0.8288833333333333,60.0,100.0,76.0,1.1,2026-04-06T14:50:16.872271
92,474.905988,0.0,0.0,270.842211,0.0,0.0,3569.11376953125,19036.0,18699.89892578125,110.347,0.9195583333333333,60.0,100.0,77.0,1.1,2026-04-06T14:50:17.351414
93,471.494039,0.0,0.0,270.735079,0.0,0.0,3569.11376953125,19036.0,18699.89892578125,110.347,0.9195583333333333,60.0,100.0,77.0,1.1,2026-04-06T14:50:17.823141
94,474.807936,0.0,0.0,270.709259,0.0,0.0,3569.11376953125,19036.0,18699.89892578125,99.2515,0.8270958333333333,60.0,99.0,78.0,1.1,2026-04-06T14:50:18.300700
95,472.838891,0.0,0.0,270.918033,0.0,0.0,3569.11376953125,19036.0,18699.89892578125,99.2515,0.8270958333333333,60.0,99.0,78.0,1.1,2026-04-06T14:50:18.773763
96,475.235553,0.0,0.0,270.946923,0.0,0.0,3569.11376953125,19036.0,18699.89892578125,109.994,0.9166166666666667,59.0,99.0,76.0,1.2,2026-04-06T14:50:19.256763
97,467.443888,0.0,0.0,270.500365,0.0,0.0,3569.11376953125,19036.0,18699.89892578125,109.994,0.9166166666666667,59.0,99.0,76.0,1.2,2026-04-06T14:50:19.724444
98,474.944799,0.0,0.0,270.85484,0.0,0.0,3569.11376953125,19036.0,18699.89892578125,98.481,0.8206749999999999,60.0,99.0,76.0,1.1,2026-04-06T14:50:20.202106
99,472.524617,0.0,0.0,270.571517,0.0,0.0,3569.11376953125,19036.0,18699.89892578125,98.481,0.8206749999999999,60.0,99.0,76.0,1.1,2026-04-06T14:50:20.674859
100,475.507418,0.0,0.0,271.256549,0.0,0.0,3569.11376953125,19036.0,18699.89892578125,110.087,0.9173916666666667,60.0,100.0,77.0,1.1,2026-04-06T14:50:21.153178
101,472.816671,0.0,0.0,270.712349,0.0,0.0,3569.11376953125,19036.0,18699.89892578125,110.087,0.9173916666666667,60.0,100.0,77.0,1.1,2026-04-06T14:50:21.626283
102,474.629053,0.0,0.0,270.388963,0.0,0.0,3569.11376953125,19036.0,18699.89892578125,98.594,0.8216166666666666,60.0,100.0,78.0,1.1,2026-04-06T14:50:22.104111
103,472.310552,0.0,0.0,270.549336,0.0,0.0,3569.11376953125,19036.0,18699.89892578125,98.594,0.8216166666666666,60.0,100.0,78.0,1.1,2026-04-06T14:50:22.576655
104,474.660963,0.0,0.0,270.81094,0.0,0.0,3569.11376953125,19036.0,18699.89892578125,110.292,0.9191,60.0,99.0,76.0,1.1,2026-04-06T14:50:23.054043
105,473.041175,0.0,0.0,270.951042,0.0,0.0,3569.11376953125,19036.0,18699.89892578125,110.292,0.9191,60.0,99.0,76.0,1.1,2026-04-06T14:50:23.527315
106,474.815677,0.0,0.0,270.657918,0.0,0.0,3569.11376953125,19036.0,18699.89892578125,98.542,0.8211833333333334,60.0,99.0,75.0,1.1,2026-04-06T14:50:24.009511
107,468.72603,0.0,0.0,270.926702,0.0,0.0,3569.11376953125,19036.0,18699.89892578125,98.542,0.8211833333333334,60.0,99.0,75.0,1.1,2026-04-06T14:50:24.478484
108,474.892478,0.0,0.0,270.575297,0.0,0.0,3569.11376953125,19036.0,18699.89892578125,112.102,0.9341833333333334,60.0,100.0,78.0,1.1,2026-04-06T14:50:24.956259
109,472.74164,0.0,0.0,270.77502,0.0,0.0,3569.11376953125,19036.0,18699.89892578125,112.102,0.9341833333333334,60.0,100.0,78.0,1.1,2026-04-06T14:50:25.429238
110,474.936809,0.0,0.0,270.78743,0.0,0.0,3569.11376953125,19036.0,18699.89892578125,98.4155,0.8201291666666666,60.0,100.0,79.0,1.1,2026-04-06T14:50:25.908673
111,471.175662,0.0,0.0,270.585946,0.0,0.0,3569.11376953125,19036.0,18699.89892578125,98.4155,0.8201291666666666,60.0,100.0,79.0,1.1,2026-04-06T14:50:26.380080
112,474.723745,0.0,0.0,270.633427,0.0,0.0,3569.11376953125,19036.0,18699.89892578125,111.8185,0.9318208333333333,60.0,100.0,77.0,1.1,2026-04-06T14:50:26.857516
113,472.980555,0.0,0.0,270.841311,0.0,0.0,3569.11376953125,19036.0,18699.89892578125,111.8185,0.9318208333333333,60.0,100.0,77.0,1.1,2026-04-06T14:50:27.330734
114,474.773265,0.0,0.0,270.76887,0.0,0.0,3569.11376953125,19036.0,18699.89892578125,97.9505,0.8162541666666667,60.0,99.0,74.0,1.1,2026-04-06T14:50:27.809311
115,471.725752,0.0,0.0,270.623548,0.0,0.0,3569.11376953125,19036.0,18699.89892578125,97.9505,0.8162541666666667,60.0,99.0,74.0,1.1,2026-04-06T14:50:28.281272
116,475.721312,0.0,0.0,271.205738,0.0,0.0,3569.11376953125,19036.0,18699.89892578125,111.649,0.9304083333333334,60.0,100.0,77.0,1.1,2026-04-06T14:50:28.759861
117,472.711319,0.0,0.0,270.698128,0.0,0.0,3569.11376953125,19036.0,18699.89892578125,111.649,0.9304083333333334,60.0,100.0,77.0,1.1,2026-04-06T14:50:29.232886
118,475.02117,0.0,0.0,270.936092,0.0,0.0,3569.11376953125,19036.0,18699.89892578125,97.688,0.8140666666666666,61.0,99.0,78.0,1.1,2026-04-06T14:50:29.710667
119,473.008076,0.0,0.0,270.913993,0.0,0.0,3569.11376953125,19036.0,18699.89892578125,97.688,0.8140666666666666,61.0,99.0,78.0,1.1,2026-04-06T14:50:30.183918
120,474.844406,0.0,0.0,270.584616,0.0,0.0,3569.11376953125,19036.0,18699.89892578125,111.489,0.929075,60.0,99.0,77.0,1.1,2026-04-06T14:50:30.661971
121,472.234231,0.0,0.0,270.608967,0.0,0.0,3569.11376953125,19036.0,18699.89892578125,111.489,0.929075,60.0,99.0,77.0,1.1,2026-04-06T14:50:31.134428
122,475.022539,0.0,0.0,270.956214,0.0,0.0,3569.11376953125,19036.0,18699.89892578125,97.45,0.8120833333333334,60.0,100.0,75.0,1.1,2026-04-06T14:50:31.612184
123,473.431472,0.0,0.0,271.205897,0.0,0.0,3569.11376953125,19036.0,18699.89892578125,97.45,0.8120833333333334,60.0,100.0,75.0,1.1,2026-04-06T14:50:32.085846
124,475.114831,0.0,0.0,270.86176,0.0,0.0,3569.11376953125,19036.0,18699.89892578125,111.219,0.9268249999999999,60.0,100.0,78.0,1.1,2026-04-06T14:50:32.566968
125,469.849219,0.0,0.0,270.865871,0.0,0.0,3569.11376953125,19036.0,18699.89892578125,111.219,0.9268249999999999,60.0,100.0,78.0,1.1,2026-04-06T14:50:33.037046
126,474.880658,0.0,0.0,270.835131,0.0,0.0,3569.11376953125,19036.0,18699.89892578125,99.0095,0.8250791666666666,61.0,99.0,78.0,1.1,2026-04-06T14:50:33.515119
127,472.506496,0.0,0.0,270.996654,0.0,0.0,3569.11376953125,19036.0,18699.89892578125,99.0095,0.8250791666666666,61.0,99.0,78.0,1.1,2026-04-06T14:50:33.987859
128,475.195223,0.0,0.0,271.057105,0.0,0.0,3569.11376953125,19036.0,18699.89892578125,110.7775,0.9231458333333334,60.0,99.0,77.0,1.1,2026-04-06T14:50:34.466934
129,472.032307,0.0,0.0,270.7646,0.0,0.0,3569.11376953125,19036.0,18699.89892578125,110.7775,0.9231458333333334,60.0,99.0,77.0,1.1,2026-04-06T14:50:34.939197
130,475.218823,0.0,0.0,270.909032,0.0,0.0,3569.11376953125,19036.0,18699.89892578125,98.879,0.8239916666666668,61.0,99.0,75.0,1.1,2026-04-06T14:50:35.417138
131,472.974614,0.0,0.0,270.652086,0.0,0.0,3569.11376953125,19036.0,18699.89892578125,98.879,0.8239916666666668,61.0,99.0,75.0,1.1,2026-04-06T14:50:35.890338
132,474.946338,0.0,0.0,270.867491,0.0,0.0,3569.11376953125,19036.0,18699.89892578125,110.2515,0.9187624999999999,60.0,100.0,77.0,1.1,2026-04-06T14:50:36.368558
133,472.537137,0.0,0.0,270.910303,0.0,0.0,3569.11376953125,19036.0,18699.89892578125,110.2515,0.9187624999999999,60.0,100.0,77.0,1.1,2026-04-06T14:50:36.841320
134,475.178992,0.0,0.0,270.876012,0.0,0.0,3569.11376953125,19036.0,18699.89892578125,110.112,0.9175999999999999,61.0,99.0,78.0,1.1,2026-04-06T14:50:37.319590
135,472.791831,0.0,0.0,270.79954,0.0,0.0,3569.11376953125,19036.0,18699.89892578125,110.112,0.9175999999999999,61.0,99.0,78.0,1.1,2026-04-06T14:50:37.792605
136,474.935728,0.0,0.0,270.873282,0.0,0.0,3569.11376953125,19036.0,18699.89892578125,100.014,0.83345,61.0,99.0,77.0,1.1,2026-04-06T14:50:38.270242
137,473.202598,0.0,0.0,271.065994,0.0,0.0,3569.11376953125,19036.0,18699.89892578125,100.014,0.83345,61.0,99.0,77.0,1.1,2026-04-06T14:50:38.743676
138,475.088881,0.0,0.0,270.759829,0.0,0.0,3569.11376953125,19036.0,18699.89892578125,109.9815,0.9165125,60.0,99.0,75.0,1.1,2026-04-06T14:50:39.224990
139,469.622957,0.0,0.0,270.839561,0.0,0.0,3569.11376953125,19036.0,18699.89892578125,109.9815,0.9165125,60.0,99.0,75.0,1.1,2026-04-06T14:50:39.694849
140,474.843006,0.0,0.0,270.73141,0.0,0.0,3569.11376953125,19036.0,18699.89892578125,99.598,0.8299833333333333,61.0,100.0,77.0,1.1,2026-04-06T14:50:40.172445
141,473.165247,0.0,0.0,270.995694,0.0,0.0,3569.11376953125,19036.0,18699.89892578125,99.598,0.8299833333333333,61.0,100.0,77.0,1.1,2026-04-06T14:50:40.645825
142,475.333985,0.0,0.0,271.052974,0.0,0.0,3569.11376953125,19036.0,18699.89892578125,110.078,0.9173166666666667,61.0,100.0,77.0,1.1,2026-04-06T14:50:41.125088
143,472.013577,0.0,0.0,270.899752,0.0,0.0,3569.11376953125,19036.0,18699.89892578125,110.078,0.9173166666666667,61.0,100.0,77.0,1.1,2026-04-06T14:50:41.597333
144,475.06237,0.0,0.0,270.855721,0.0,0.0,3569.11376953125,19036.0,18699.89892578125,99.976,0.8331333333333333,61.0,99.0,78.0,1.1,2026-04-06T14:50:42.075228
145,472.603978,0.0,0.0,270.632706,0.0,0.0,3569.11376953125,19036.0,18699.89892578125,99.976,0.8331333333333333,61.0,99.0,78.0,1.1,2026-04-06T14:50:42.548059
146,475.302985,0.0,0.0,270.952203,0.0,0.0,3569.11376953125,19036.0,18699.89892578125,110.0945,0.9174541666666667,61.0,99.0,76.0,0.8,2026-04-06T14:50:43.026291
147,473.034925,0.0,0.0,270.950583,0.0,0.0,3569.11376953125,19036.0,18699.89892578125,110.0945,0.9174541666666667,61.0,99.0,76.0,0.8,2026-04-06T14:50:43.499553
148,475.230683,0.0,0.0,270.757429,0.0,0.0,3569.11376953125,19036.0,18699.89892578125,99.6775,0.8306458333333333,61.0,100.0,77.0,0.5,2026-04-06T14:50:43.978037
149,472.71588,0.0,0.0,270.875492,0.0,0.0,3569.11376953125,19036.0,18699.89892578125,99.6775,0.8306458333333333,61.0,100.0,77.0,0.5,2026-04-06T14:50:44.450995
150,475.155442,0.0,0.0,270.930531,0.0,0.0,3569.11376953125,19036.0,18699.89892578125,109.6865,0.9140541666666666,61.0,100.0,76.0,0.5,2026-04-06T14:50:44.928887
151,473.252809,0.0,0.0,271.035894,0.0,0.0,3569.11376953125,19036.0,18699.89892578125,109.6865,0.9140541666666666,61.0,100.0,76.0,0.5,2026-04-06T14:50:45.402366
152,475.59854,0.0,0.0,271.101115,0.0,0.0,3569.11376953125,19036.0,18699.89892578125,99.088,0.8257333333333333,61.0,99.0,78.0,0.5,2026-04-06T14:50:45.882708
153,470.929559,0.0,0.0,270.579686,0.0,0.0,3569.11376953125,19036.0,18699.89892578125,99.088,0.8257333333333333,61.0,99.0,78.0,0.5,2026-04-06T14:50:46.353950
154,475.204213,0.0,0.0,271.115836,0.0,0.0,3569.11376953125,19036.0,18699.89892578125,110.9655,0.9247125,61.0,99.0,75.0,0.5,2026-04-06T14:50:46.831962
155,473.083665,0.0,0.0,271.063655,0.0,0.0,3569.11376953125,19036.0,18699.89892578125,110.9655,0.9247125,61.0,99.0,75.0,0.5,2026-04-06T14:50:47.305280
156,475.206042,0.0,0.0,271.003234,0.0,0.0,3569.11376953125,19036.0,18699.89892578125,98.9845,0.8248708333333333,61.0,100.0,76.0,0.5,2026-04-06T14:50:47.784351
157,472.20951,0.0,0.0,270.964383,0.0,0.0,3569.11376953125,19036.0,18699.89892578125,98.9845,0.8248708333333333,61.0,100.0,76.0,0.5,2026-04-06T14:50:48.256798
158,475.164162,0.0,0.0,270.80842,0.0,0.0,3569.11376953125,19036.0,18699.89892578125,110.843,0.9236916666666667,61.0,100.0,77.0,0.5,2026-04-06T14:50:48.734711
159,473.018046,0.0,0.0,270.818141,0.0,0.0,3569.11376953125,19036.0,18699.89892578125,110.843,0.9236916666666667,61.0,100.0,77.0,0.5,2026-04-06T14:50:49.207956
160,475.341155,0.0,0.0,271.127556,0.0,0.0,3569.11376953125,19036.0,18699.89892578125,98.8925,0.8241041666666666,61.0,99.0,78.0,0.5,2026-04-06T14:50:49.685948
161,473.365091,0.0,0.0,270.981253,0.0,0.0,3569.11376953125,19036.0,18699.89892578125,98.8925,0.8241041666666666,61.0,99.0,78.0,0.5,2026-04-06T14:50:50.159545
162,474.901498,0.0,0.0,270.78022,0.0,0.0,3569.11376953125,19036.0,18699.89892578125,110.8695,0.9239125,61.0,99.0,76.0,0.5,2026-04-06T14:50:50.641355
163,469.109687,0.0,0.0,271.150326,0.0,0.0,3569.11376953125,19036.0,18699.89892578125,110.8695,0.9239125,61.0,99.0,76.0,0.5,2026-04-06T14:50:51.110718
164,475.742112,0.0,0.0,271.186536,0.0,0.0,3569.11376953125,19036.0,18699.89892578125,99.3405,0.8278375,61.0,100.0,76.0,0.5,2026-04-06T14:50:51.589214
165,473.290019,0.0,0.0,271.176726,0.0,0.0,3569.11376953125,19036.0,18699.89892578125,99.3405,0.8278375,61.0,100.0,76.0,0.5,2026-04-06T14:50:52.062744
166,475.359636,0.0,0.0,271.192568,0.0,0.0,3569.11376953125,19036.0,18699.89892578125,110.32,0.9193333333333333,61.0,100.0,77.0,0.6,2026-04-06T14:50:52.541994
167,471.911135,0.0,0.0,270.78015,0.0,0.0,3569.11376953125,19036.0,18699.89892578125,110.32,0.9193333333333333,61.0,100.0,77.0,0.6,2026-04-06T14:50:53.014134
168,475.349925,0.0,0.0,271.089956,0.0,0.0,3569.11376953125,19036.0,18699.89892578125,98.738,0.8228166666666666,62.0,99.0,78.0,0.5,2026-04-06T14:50:53.492212
169,473.077776,0.0,0.0,270.797861,0.0,0.0,3569.11376953125,19036.0,18699.89892578125,98.738,0.8228166666666666,62.0,99.0,78.0,0.5,2026-04-06T14:50:53.965522
170,475.254413,0.0,0.0,271.055554,0.0,0.0,3569.11376953125,19036.0,18699.89892578125,110.384,0.9198666666666666,61.0,99.0,76.0,0.5,2026-04-06T14:50:54.443540
171,473.262739,0.0,0.0,271.047004,0.0,0.0,3569.11376953125,19036.0,18699.89892578125,110.384,0.9198666666666666,61.0,99.0,76.0,0.5,2026-04-06T14:50:54.917025
172,476.400134,0.0,0.0,271.008153,0.0,0.0,3569.11376953125,19036.0,18699.89892578125,98.5255,0.8210458333333333,61.0,99.0,75.0,0.5,2026-04-06T14:50:55.400183
173,469.695526,0.0,0.0,271.150956,0.0,0.0,3569.11376953125,19036.0,18699.89892578125,98.5255,0.8210458333333333,61.0,99.0,75.0,0.5,2026-04-06T14:50:55.870183
174,475.469368,0.0,0.0,271.062445,0.0,0.0,3569.11376953125,19036.0,18699.89892578125,112.007,0.9333916666666667,62.0,100.0,77.0,0.5,2026-04-06T14:50:56.348409
175,473.434772,0.0,0.0,271.31952,0.0,0.0,3569.11376953125,19036.0,18699.89892578125,112.007,0.9333916666666667,62.0,100.0,77.0,0.5,2026-04-06T14:50:56.822073
176,475.535568,0.0,0.0,271.216187,0.0,0.0,3569.11376953125,19036.0,18699.89892578125,97.976,0.8164666666666666,61.0,99.0,79.0,0.6,2026-04-06T14:50:57.301716
177,471.812894,0.0,0.0,270.867841,0.0,0.0,3569.11376953125,19036.0,18699.89892578125,97.976,0.8164666666666666,61.0,99.0,79.0,0.6,2026-04-06T14:50:57.773761
178,475.63921,0.0,0.0,271.044944,0.0,0.0,3569.11376953125,19036.0,18699.89892578125,111.429,0.9285749999999999,62.0,99.0,77.0,0.5,2026-04-06T14:50:58.252582
179,473.296491,0.0,0.0,271.204407,0.0,0.0,3569.11376953125,19036.0,18699.89892578125,111.429,0.9285749999999999,62.0,99.0,77.0,0.5,2026-04-06T14:50:58.726111
180,475.513738,0.0,0.0,271.017464,0.0,0.0,3569.11376953125,19036.0,18699.89892578125,97.5205,0.8126708333333332,61.0,99.0,75.0,0.5,2026-04-06T14:50:59.204358
181,473.623375,0.0,0.0,271.326469,0.0,0.0,3569.11376953125,19036.0,18699.89892578125,97.5205,0.8126708333333332,61.0,99.0,75.0,0.5,2026-04-06T14:50:59.678220
182,474.427359,0.0,0.0,270.044267,0.0,0.0,3569.11376953125,19036.0,18699.89892578125,111.426,0.9285500000000001,61.0,100.0,78.0,0.5,2026-04-06T14:51:00.158437
183,469.355901,0.0,0.0,270.557396,0.0,0.0,3569.11376953125,19036.0,18699.89892578125,111.426,0.9285500000000001,61.0,100.0,78.0,0.5,2026-04-06T14:51:00.628023
184,474.595252,0.0,0.0,270.741508,0.0,0.0,3569.11376953125,19036.0,18699.89892578125,98.7925,0.8232708333333334,62.0,99.0,78.0,0.5,2026-04-06T14:51:01.105493
185,472.285892,0.0,0.0,270.688047,0.0,0.0,3569.11376953125,19036.0,18699.89892578125,98.7925,0.8232708333333334,62.0,99.0,78.0,0.5,2026-04-06T14:51:01.578021
186,474.4066,0.0,0.0,270.562556,0.0,0.0,3569.11376953125,19036.0,18699.89892578125,110.6155,0.9217958333333334,62.0,100.0,77.0,0.5,2026-04-06T14:51:02.057908
187,469.670816,0.0,0.0,270.553756,0.0,0.0,3569.11376953125,19036.0,18699.89892578125,110.6155,0.9217958333333334,62.0,100.0,77.0,0.5,2026-04-06T14:51:02.527815
188,474.341958,0.0,0.0,270.490075,0.0,0.0,3569.11376953125,19036.0,18699.89892578125,98.9155,0.8242958333333332,62.0,99.0,75.0,0.5,2026-04-06T14:51:03.004874
189,472.344683,0.0,0.0,270.618557,0.0,0.0,3569.11376953125,19036.0,18699.89892578125,98.9155,0.8242958333333332,62.0,99.0,75.0,0.5,2026-04-06T14:51:03.477440
190,474.313097,0.0,0.0,270.544145,0.0,0.0,3569.11376953125,19036.0,18699.89892578125,110.8165,0.9234708333333335,62.0,100.0,78.0,0.5,2026-04-06T14:51:03.957204
191,469.707227,0.0,0.0,270.481764,0.0,0.0,3569.11376953125,19036.0,18699.89892578125,110.8165,0.9234708333333335,62.0,100.0,78.0,0.5,2026-04-06T14:51:04.427141
192,474.275457,0.0,0.0,270.564555,0.0,0.0,3569.11376953125,19036.0,18699.89892578125,98.8975,0.8241458333333332,62.0,99.0,78.0,0.5,2026-04-06T14:51:04.904260
193,472.653249,0.0,0.0,270.868861,0.0,0.0,3569.11376953125,19036.0,18699.89892578125,98.8975,0.8241458333333332,62.0,99.0,78.0,0.5,2026-04-06T14:51:05.377137
194,474.382139,0.0,0.0,270.670458,0.0,0.0,3569.11376953125,19036.0,18699.89892578125,110.7725,0.9231041666666666,62.0,99.0,77.0,0.5,2026-04-06T14:51:05.856531
195,470.282527,0.0,0.0,270.487825,0.0,0.0,3569.11376953125,19036.0,18699.89892578125,110.7725,0.9231041666666666,62.0,99.0,77.0,0.5,2026-04-06T14:51:06.327042
196,474.994859,0.0,0.0,270.717509,0.0,0.0,3569.11376953125,19036.0,18699.89892578125,99.0755,0.8256291666666667,62.0,99.0,74.0,0.5,2026-04-06T14:51:06.804891
197,472.674759,0.0,0.0,270.971022,0.0,0.0,3569.11376953125,19036.0,18699.89892578125,99.0755,0.8256291666666667,62.0,99.0,74.0,0.5,2026-04-06T14:51:07.277799
198,474.632682,0.0,0.0,270.78734,0.0,0.0,3569.11376953125,19036.0,18699.89892578125,110.7885,0.9232374999999999,62.0,100.0,77.0,0.5,2026-04-06T14:51:07.756110
199,471.442028,0.0,0.0,270.397773,0.0,0.0,3569.11376953125,19036.0,18699.89892578125,110.7885,0.9232374999999999,62.0,100.0,77.0,0.5,2026-04-06T14:51:08.227780
200,474.579201,0.0,0.0,270.695219,0.0,0.0,3569.11376953125,19036.0,18699.89892578125,99.293,0.8274416666666666,62.0,99.0,79.0,0.5,2026-04-06T14:51:08.705340
201,471.717712,0.0,0.0,270.240731,0.0,0.0,3569.11376953125,19036.0,18699.89892578125,99.293,0.8274416666666666,62.0,99.0,79.0,0.5,2026-04-06T14:51:09.177306
202,474.710914,0.0,0.0,270.920133,0.0,0.0,3569.11376953125,19036.0,18699.89892578125,110.612,0.9217666666666666,62.0,99.0,77.0,0.5,2026-04-06T14:51:09.655938
203,471.715762,0.0,0.0,270.412544,0.0,0.0,3569.11376953125,19036.0,18699.89892578125,110.612,0.9217666666666666,62.0,99.0,77.0,0.5,2026-04-06T14:51:10.127882
204,474.910388,0.0,0.0,270.673477,0.0,0.0,3569.11376953125,19036.0,18699.89892578125,99.037,0.8253083333333334,62.0,99.0,75.0,0.5,2026-04-06T14:51:10.606058
205,472.20034,0.0,0.0,270.567775,0.0,0.0,3569.11376953125,19036.0,18699.89892578125,99.037,0.8253083333333334,62.0,99.0,75.0,0.5,2026-04-06T14:51:11.078509
206,474.715345,0.0,0.0,270.070348,0.0,0.0,3569.11376953125,19036.0,18699.89892578125,109.874,0.9156166666666666,62.0,100.0,77.0,0.5,2026-04-06T14:51:11.557216
207,471.03801,0.0,0.0,270.595977,0.0,0.0,3569.11376953125,19036.0,18699.89892578125,109.874,0.9156166666666666,62.0,100.0,77.0,0.5,2026-04-06T14:51:12.028487
208,474.713255,0.0,0.0,270.619167,0.0,0.0,3569.11376953125,19036.0,18699.89892578125,99.463,0.8288583333333333,62.0,99.0,79.0,0.5,2026-04-06T14:51:12.506109
209,472.263182,0.0,0.0,270.505106,0.0,0.0,3569.11376953125,19036.0,18699.89892578125,99.463,0.8288583333333333,62.0,99.0,79.0,0.5,2026-04-06T14:51:12.978609
210,474.603042,0.0,0.0,270.806159,0.0,0.0,3569.11376953125,19036.0,18699.89892578125,110.6125,0.9217708333333333,62.0,99.0,77.0,0.5,2026-04-06T14:51:13.456506
211,472.76185,0.0,0.0,270.881521,0.0,0.0,3569.11376953125,19036.0,18699.89892578125,110.6125,0.9217708333333333,62.0,99.0,77.0,0.5,2026-04-06T14:51:13.929497
212,474.745385,0.0,0.0,270.666367,0.0,0.0,3569.11376953125,19036.0,18699.89892578125,109.802,0.9150166666666668,62.0,99.0,75.0,0.5,2026-04-06T14:51:14.407035
213,472.729761,0.0,0.0,270.861642,0.0,0.0,3569.11376953125,19036.0,18699.89892578125,109.802,0.9150166666666668,62.0,99.0,75.0,0.5,2026-04-06T14:51:14.879998
214,475.007199,0.0,0.0,271.069595,0.0,0.0,3569.11376953125,19036.0,18699.89892578125,99.6415,0.8303458333333333,62.0,100.0,77.0,0.5,2026-04-06T14:51:15.357761
215,472.796841,0.0,0.0,270.911992,0.0,0.0,3569.11376953125,19036.0,18699.89892578125,99.6415,0.8303458333333333,62.0,100.0,77.0,0.5,2026-04-06T14:51:15.830786
216,475.03098,0.0,0.0,270.645968,0.0,0.0,3569.11376953125,19036.0,18699.89892578125,109.7635,0.9146958333333333,61.0,99.0,77.0,0.5,2026-04-06T14:51:16.324744
217,457.068997,0.0,0.0,271.038113,0.0,0.0,3569.11376953125,19036.0,18699.89892578125,109.7635,0.9146958333333333,61.0,99.0,77.0,0.5,2026-04-06T14:51:16.782062
218,474.910178,0.0,0.0,270.932082,0.0,0.0,3569.11376953125,19036.0,18699.89892578125,98.588,0.8215666666666667,63.0,100.0,77.0,0.6,2026-04-06T14:51:17.259722
219,473.328891,0.0,0.0,271.150167,0.0,0.0,3569.11376953125,19036.0,18699.89892578125,98.588,0.8215666666666667,63.0,100.0,77.0,0.6,2026-04-06T14:51:17.733288
220,474.813346,0.0,0.0,270.892972,0.0,0.0,3569.11376953125,19036.0,18699.89892578125,110.0655,0.9172125,62.0,99.0,76.0,0.5,2026-04-06T14:51:18.212995
221,470.700795,0.0,0.0,270.598977,0.0,0.0,3569.11376953125,19036.0,18699.89892578125,110.0655,0.9172125,62.0,99.0,76.0,0.5,2026-04-06T14:51:18.683924
222,474.869727,0.0,0.0,270.971124,0.0,0.0,3569.11376953125,19036.0,18699.89892578125,99.9615,0.8330125,62.0,100.0,77.0,0.5,2026-04-06T14:51:19.161504
223,473.132397,0.0,0.0,271.037005,0.0,0.0,3569.11376953125,19036.0,18699.89892578125,99.9615,0.8330125,62.0,100.0,77.0,0.5,2026-04-06T14:51:19.634877
224,474.836467,0.0,0.0,270.952943,0.0,0.0,3569.11376953125,19036.0,18699.89892578125,110.345,0.9195416666666666,62.0,100.0,77.0,0.5,2026-04-06T14:51:20.113451
225,471.538679,0.0,0.0,270.598486,0.0,0.0,3569.11376953125,19036.0,18699.89892578125,110.345,0.9195416666666666,62.0,100.0,77.0,0.5,2026-04-06T14:51:20.585227
226,474.838268,0.0,0.0,270.80041,0.0,0.0,3569.11376953125,19036.0,18699.89892578125,100.0355,0.8336291666666666,62.0,99.0,78.0,0.5,2026-04-06T14:51:21.062827
227,473.045035,0.0,0.0,270.986593,0.0,0.0,3569.11376953125,19036.0,18699.89892578125,100.0355,0.8336291666666666,62.0,99.0,78.0,0.5,2026-04-06T14:51:21.536107
228,475.244453,0.0,0.0,271.144847,0.0,0.0,3569.11376953125,19036.0,18699.89892578125,110.119,0.9176583333333334,63.0,99.0,76.0,0.5,2026-04-06T14:51:22.014434
229,472.561897,0.0,0.0,270.934803,0.0,0.0,3569.11376953125,19036.0,18699.89892578125,110.119,0.9176583333333334,63.0,99.0,76.0,0.5,2026-04-06T14:51:22.487230
230,474.807465,0.0,0.0,270.639577,0.0,0.0,3569.11376953125,19036.0,18699.89892578125,99.661,0.8305083333333333,63.0,100.0,77.0,0.5,2026-04-06T14:51:22.965257
231,472.870222,0.0,0.0,271.006434,0.0,0.0,3569.11376953125,19036.0,18699.89892578125,99.661,0.8305083333333333,63.0,100.0,77.0,0.5,2026-04-06T14:51:23.438355
232,474.952658,0.0,0.0,270.978833,0.0,0.0,3569.11376953125,19036.0,18699.89892578125,109.99,0.9165833333333333,62.0,100.0,76.0,0.5,2026-04-06T14:51:23.916100
233,472.860833,0.0,0.0,270.952683,0.0,0.0,3569.11376953125,19036.0,18699.89892578125,109.99,0.9165833333333333,62.0,100.0,76.0,0.5,2026-04-06T14:51:24.389190
234,474.721354,0.0,0.0,270.80933,0.0,0.0,3569.11376953125,19036.0,18699.89892578125,99.312,0.8276,62.0,99.0,77.0,0.5,2026-04-06T14:51:24.870938
235,469.009885,0.0,0.0,271.229798,0.0,0.0,3569.11376953125,19036.0,18699.89892578125,99.312,0.8276,62.0,99.0,77.0,0.5,2026-04-06T14:51:25.340179
236,474.950068,0.0,0.0,270.862912,0.0,0.0,3569.11376953125,19036.0,18699.89892578125,110.968,0.9247333333333333,62.0,99.0,76.0,0.5,2026-04-06T14:51:25.817867
237,472.986544,0.0,0.0,271.031823,0.0,0.0,3569.11376953125,19036.0,18699.89892578125,110.968,0.9247333333333333,62.0,99.0,76.0,0.5,2026-04-06T14:51:26.291086
238,474.936558,0.0,0.0,270.976033,0.0,0.0,3569.11376953125,19036.0,18699.89892578125,99.2155,0.8267958333333334,63.0,100.0,76.0,0.5,2026-04-06T14:51:26.770103
239,471.341156,0.0,0.0,270.600047,0.0,0.0,3569.11376953125,19036.0,18699.89892578125,99.2155,0.8267958333333334,63.0,100.0,76.0,0.5,2026-04-06T14:51:27.241670
240,475.247343,0.0,0.0,271.018734,0.0,0.0,3569.11376953125,19036.0,18699.89892578125,111.3405,0.9278375000000001,63.0,100.0,77.0,0.5,2026-04-06T14:51:27.719654
241,473.556234,0.0,0.0,271.121236,0.0,0.0,3569.11376953125,19036.0,18699.89892578125,111.3405,0.9278375000000001,63.0,100.0,77.0,0.5,2026-04-06T14:51:28.193437
242,474.933748,0.0,0.0,270.987394,0.0,0.0,3569.11376953125,19036.0,18699.89892578125,99.0955,0.8257958333333334,62.0,99.0,77.0,0.5,2026-04-06T14:51:28.672022
243,472.257911,0.0,0.0,270.937893,0.0,0.0,3569.11376953125,19036.0,18699.89892578125,99.0955,0.8257958333333334,62.0,99.0,77.0,0.5,2026-04-06T14:51:29.144511
244,475.04533,0.0,0.0,270.917742,0.0,0.0,3569.11376953125,19036.0,18699.89892578125,110.8365,0.9236375000000001,62.0,99.0,76.0,0.5,2026-04-06T14:51:29.622579
245,472.470825,0.0,0.0,270.860451,0.0,0.0,3569.11376953125,19036.0,18699.89892578125,110.8365,0.9236375000000001,62.0,99.0,76.0,0.5,2026-04-06T14:51:30.095285
246,475.195044,0.0,0.0,271.188357,0.0,0.0,3569.11376953125,19036.0,18699.89892578125,98.9445,0.8245375,63.0,100.0,75.0,0.5,2026-04-06T14:51:30.573220
247,473.044665,0.0,0.0,271.023744,0.0,0.0,3569.11376953125,19036.0,18699.89892578125,98.9445,0.8245375,63.0,100.0,75.0,0.5,2026-04-06T14:51:31.046504
248,474.832826,0.0,0.0,270.651838,0.0,0.0,3569.11376953125,19036.0,18699.89892578125,111.083,0.9256916666666666,62.0,100.0,77.0,0.5,2026-04-06T14:51:31.528869
249,468.461206,0.0,0.0,270.977713,0.0,0.0,3569.11376953125,19036.0,18699.89892578125,111.083,0.9256916666666666,62.0,100.0,77.0,0.5,2026-04-06T14:51:31.997573
250,475.340075,0.0,0.0,271.044204,0.0,0.0,3569.11376953125,19036.0,18699.89892578125,99.588,0.8299,63.0,99.0,78.0,0.5,2026-04-06T14:51:32.475641
251,473.186618,0.0,0.0,271.088285,0.0,0.0,3569.11376953125,19036.0,18699.89892578125,99.588,0.8299,63.0,99.0,78.0,0.5,2026-04-06T14:51:32.949049
252,475.148612,0.0,0.0,271.054744,0.0,0.0,3569.11376953125,19036.0,18699.89892578125,110.734,0.9227833333333333,62.0,99.0,76.0,0.6,2026-04-06T14:51:33.428112
253,471.674442,0.0,0.0,270.677278,0.0,0.0,3569.11376953125,19036.0,18699.89892578125,110.734,0.9227833333333333,62.0,99.0,76.0,0.6,2026-04-06T14:51:33.900020
254,475.139222,0.0,0.0,271.009194,0.0,0.0,3569.11376953125,19036.0,18699.89892578125,99.3625,0.8280208333333333,63.0,100.0,76.0,0.5,2026-04-06T14:51:34.377921
255,473.081935,0.0,0.0,271.137796,0.0,0.0,3569.11376953125,19036.0,18699.89892578125,99.3625,0.8280208333333333,63.0,100.0,76.0,0.5,2026-04-06T14:51:34.851226
256,475.107671,0.0,0.0,271.033415,0.0,0.0,3569.11376953125,19036.0,18699.89892578125,110.268,0.9188999999999999,63.0,100.0,77.0,0.5,2026-04-06T14:51:35.329986
257,472.089519,0.0,0.0,270.87268,0.0,0.0,3569.11376953125,19036.0,18699.89892578125,110.268,0.9188999999999999,63.0,100.0,77.0,0.5,2026-04-06T14:51:35.802300
258,475.05528,0.0,0.0,270.905251,0.0,0.0,3569.11376953125,19036.0,18699.89892578125,98.9035,0.8241958333333333,63.0,99.0,78.0,0.5,2026-04-06T14:51:36.280208
259,472.628858,0.0,0.0,270.877581,0.0,0.0,3569.11376953125,19036.0,18699.89892578125,98.9035,0.8241958333333333,63.0,99.0,78.0,0.5,2026-04-06T14:51:36.753074
260,475.159062,0.0,0.0,271.104526,0.0,0.0,3569.11376953125,19036.0,18699.89892578125,110.413,0.9201083333333333,63.0,99.0,76.0,0.5,2026-04-06T14:51:37.230991
261,473.174228,0.0,0.0,271.100156,0.0,0.0,3569.11376953125,19036.0,18699.89892578125,110.413,0.9201083333333333,63.0,99.0,76.0,0.5,2026-04-06T14:51:37.704398
262,474.850066,0.0,0.0,270.7709,0.0,0.0,3569.11376953125,19036.0,18699.89892578125,98.7305,0.8227541666666667,62.0,99.0,76.0,0.5,2026-04-06T14:51:38.186686
263,468.233081,0.0,0.0,270.954763,0.0,0.0,3569.11376953125,19036.0,18699.89892578125,98.7305,0.8227541666666667,62.0,99.0,76.0,0.5,2026-04-06T14:51:38.655160
264,475.089121,0.0,0.0,271.074144,0.0,0.0,3569.11376953125,19036.0,18699.89892578125,112.1585,0.9346541666666667,63.0,100.0,77.0,0.5,2026-04-06T14:51:39.133017
265,473.247278,0.0,0.0,271.189786,0.0,0.0,3569.11376953125,19036.0,18699.89892578125,112.1585,0.9346541666666667,63.0,100.0,77.0,0.5,2026-04-06T14:51:39.606499
266,475.469618,0.0,0.0,271.34713,0.0,0.0,3569.11376953125,19036.0,18699.89892578125,98.384,0.8198666666666666,63.0,99.0,79.0,0.5,2026-04-06T14:51:40.086168
267,471.379986,0.0,0.0,270.660908,0.0,0.0,3569.11376953125,19036.0,18699.89892578125,98.384,0.8198666666666666,63.0,99.0,79.0,0.5,2026-04-06T14:51:40.557777
268,475.241643,0.0,0.0,271.188578,0.0,0.0,3569.11376953125,19036.0,18699.89892578125,112.035,0.9336249999999999,63.0,99.0,76.0,0.5,2026-04-06T14:51:41.035776
269,472.993915,0.0,0.0,271.101076,0.0,0.0,3569.11376953125,19036.0,18699.89892578125,112.035,0.9336249999999999,63.0,99.0,76.0,0.5,2026-04-06T14:51:41.509006
270,475.038289,0.0,0.0,271.026054,0.0,0.0,3569.11376953125,19036.0,18699.89892578125,97.953,0.8162750000000001,63.0,99.0,74.0,0.5,2026-04-06T14:51:41.987532
271,472.116309,0.0,0.0,270.931232,0.0,0.0,3569.11376953125,19036.0,18699.89892578125,97.953,0.8162750000000001,63.0,99.0,74.0,0.5,2026-04-06T14:51:42.459870
272,475.189902,0.0,0.0,270.86268,0.0,0.0,3569.11376953125,19036.0,18699.89892578125,111.4705,0.9289208333333334,63.0,100.0,77.0,0.6,2026-04-06T14:51:42.937826
273,472.73139,0.0,0.0,270.851881,0.0,0.0,3569.11376953125,19036.0,18699.89892578125,111.4705,0.9289208333333334,63.0,100.0,77.0,0.6,2026-04-06T14:51:43.410790
274,475.04064,0.0,0.0,271.071125,0.0,0.0,3569.11376953125,19036.0,18699.89892578125,97.9935,0.8166125,63.0,99.0,78.0,0.5,2026-04-06T14:51:43.888575
275,473.110126,0.0,0.0,271.012974,0.0,0.0,3569.11376953125,19036.0,18699.89892578125,97.9935,0.8166125,63.0,99.0,78.0,0.5,2026-04-06T14:51:44.361912
276,475.227763,0.0,0.0,271.001104,0.0,0.0,3569.11376953125,19036.0,18699.89892578125,111.5185,0.9293208333333334,62.0,99.0,77.0,0.5,2026-04-06T14:51:44.844825
277,468.19724,0.0,0.0,271.089234,0.0,0.0,3569.11376953125,19036.0,18699.89892578125,111.5185,0.9293208333333334,62.0,99.0,77.0,0.5,2026-04-06T14:51:45.313258
278,474.864627,0.0,0.0,270.922002,0.0,0.0,3569.11376953125,19036.0,18699.89892578125,99.083,0.8256916666666666,63.0,99.0,75.0,0.5,2026-04-06T14:51:45.790896
279,473.199019,0.0,0.0,271.003004,0.0,0.0,3569.11376953125,19036.0,18699.89892578125,99.083,0.8256916666666666,63.0,99.0,75.0,0.5,2026-04-06T14:51:46.264324
280,475.010179,0.0,0.0,270.998803,0.0,0.0,3569.11376953125,19036.0,18699.89892578125,111.0155,0.9251291666666667,63.0,100.0,77.0,0.5,2026-04-06T14:51:46.744202
281,470.796776,0.0,0.0,270.735959,0.0,0.0,3569.11376953125,19036.0,18699.89892578125,111.0155,0.9251291666666667,63.0,100.0,77.0,0.5,2026-04-06T14:51:47.215233
282,475.152202,0.0,0.0,271.023024,0.0,0.0,3569.11376953125,19036.0,18699.89892578125,99.24,0.827,63.0,99.0,78.0,0.9,2026-04-06T14:51:47.693477
283,472.925773,0.0,0.0,271.286619,0.0,0.0,3569.11376953125,19036.0,18699.89892578125,99.24,0.827,63.0,99.0,78.0,0.9,2026-04-06T14:51:48.166652
284,475.386626,0.0,0.0,271.214447,0.0,0.0,3569.11376953125,19036.0,18699.89892578125,110.6345,0.9219541666666666,63.0,99.0,77.0,0.8,2026-04-06T14:51:48.645644
285,472.305762,0.0,0.0,270.915571,0.0,0.0,3569.11376953125,19036.0,18699.89892578125,110.6345,0.9219541666666666,63.0,99.0,77.0,0.8,2026-04-06T14:51:49.118169
286,475.320976,0.0,0.0,271.001494,0.0,0.0,3569.11376953125,19036.0,18699.89892578125,110.3355,0.9194625,63.0,99.0,75.0,1.6,2026-04-06T14:51:49.596174
287,473.034985,0.0,0.0,270.901892,0.0,0.0,3569.11376953125,19036.0,18699.89892578125,110.3355,0.9194625,63.0,99.0,75.0,1.6,2026-04-06T14:51:50.069442
288,474.885448,0.0,0.0,271.179617,0.0,0.0,3569.11376953125,19036.0,18699.89892578125,100.4355,0.8369625,63.0,100.0,77.0,1.0,2026-04-06T14:51:50.547143
289,473.31762,0.0,0.0,271.142136,0.0,0.0,3569.11376953125,19036.0,18699.89892578125,100.4355,0.8369625,63.0,100.0,77.0,1.0,2026-04-06T14:51:51.020688
290,474.826696,0.0,0.0,270.711338,0.0,0.0,3569.11376953125,19036.0,18699.89892578125,110.286,0.91905,62.0,99.0,77.0,0.9,2026-04-06T14:51:51.503449
291,468.556877,0.0,0.0,271.405341,0.0,0.0,3569.11376953125,19036.0,18699.89892578125,110.286,0.91905,62.0,99.0,77.0,0.9,2026-04-06T14:51:51.972237
292,475.128152,0.0,0.0,270.898341,0.0,0.0,3569.11376953125,19036.0,18699.89892578125,99.7025,0.8308541666666667,63.0,99.0,77.0,0.8,2026-04-06T14:51:52.450328
293,472.983105,0.0,0.0,271.183527,0.0,0.0,3569.11376953125,19036.0,18699.89892578125,99.7025,0.8308541666666667,63.0,99.0,77.0,0.8,2026-04-06T14:51:52.923549
294,475.457697,0.0,0.0,271.283629,0.0,0.0,3569.11376953125,19036.0,18699.89892578125,110.304,0.9192,63.0,99.0,75.0,0.9,2026-04-06T14:51:53.402734
295,471.998967,0.0,0.0,270.742149,0.0,0.0,3569.11376953125,19036.0,18699.89892578125,110.304,0.9192,63.0,99.0,75.0,0.9,2026-04-06T14:51:53.874961
296,475.187722,0.0,0.0,271.015734,0.0,0.0,3569.11376953125,19036.0,18699.89892578125,99.977,0.8331416666666667,63.0,100.0,78.0,0.9,2026-04-06T14:51:54.352919
297,473.628105,0.0,0.0,271.173776,0.0,0.0,3569.11376953125,19036.0,18699.89892578125,99.977,0.8331416666666667,63.0,100.0,78.0,0.9,2026-04-06T14:51:54.826778
298,475.144861,0.0,0.0,271.188456,0.0,0.0,3569.11376953125,19036.0,18699.89892578125,110.2085,0.9184041666666667,63.0,100.0,77.0,1.4,2026-04-06T14:51:55.304674
299,473.177978,0.0,0.0,271.002614,0.0,0.0,3569.11376953125,19036.0,18699.89892578125,110.2085,0.9184041666666667,63.0,100.0,77.0,1.4,2026-04-06T14:51:55.778082
300,474.806715,0.0,0.0,270.729389,0.0,0.0,3569.11376953125,19036.0,18699.89892578125,99.652,0.8304333333333334,62.0,99.0,78.0,1.3,2026-04-06T14:51:56.261294
301,467.449088,0.0,0.0,270.925152,0.0,0.0,3569.11376953125,19036.0,18699.89892578125,99.652,0.8304333333333334,62.0,99.0,78.0,1.3,2026-04-06T14:51:56.728995
302,475.240823,0.0,0.0,270.960453,0.0,0.0,3569.11376953125,19036.0,18699.89892578125,111.135,0.9261250000000001,63.0,99.0,75.0,0.8,2026-04-06T14:51:57.206974
303,473.199828,0.0,0.0,271.019724,0.0,0.0,3569.11376953125,19036.0,18699.89892578125,111.135,0.9261250000000001,63.0,99.0,75.0,0.8,2026-04-06T14:51:57.680402
304,475.279614,0.0,0.0,271.288598,0.0,0.0,3569.11376953125,19036.0,18699.89892578125,99.2165,0.8268041666666667,63.0,100.0,76.0,0.5,2026-04-06T14:51:58.160554
305,470.708564,0.0,0.0,270.647277,0.0,0.0,3569.11376953125,19036.0,18699.89892578125,99.2165,0.8268041666666667,63.0,100.0,76.0,0.5,2026-04-06T14:51:58.631505
306,475.340076,0.0,0.0,271.051204,0.0,0.0,3569.11376953125,19036.0,18699.89892578125,111.1815,0.9265125000000001,63.0,100.0,77.0,0.5,2026-04-06T14:51:59.109774
307,472.867562,0.0,0.0,271.178277,0.0,0.0,3569.11376953125,19036.0,18699.89892578125,111.1815,0.9265125000000001,63.0,100.0,77.0,0.5,2026-04-06T14:51:59.582969
308,475.208503,0.0,0.0,271.130156,0.0,0.0,3569.11376953125,19036.0,18699.89892578125,99.1,0.8258333333333333,63.0,99.0,77.0,0.7,2026-04-06T14:52:00.062186
309,471.637371,0.0,0.0,270.753109,0.0,0.0,3569.11376953125,19036.0,18699.89892578125,99.1,0.8258333333333333,63.0,99.0,77.0,0.7,2026-04-06T14:52:00.534062
310,475.535968,0.0,0.0,271.089935,0.0,0.0,3569.11376953125,19036.0,18699.89892578125,110.9525,0.9246041666666667,63.0,99.0,76.0,1.0,2026-04-06T14:52:01.012340
311,472.793341,0.0,0.0,270.85104,0.0,0.0,3569.11376953125,19036.0,18699.89892578125,110.9525,0.9246041666666667,63.0,99.0,76.0,1.0,2026-04-06T14:52:01.485388
312,475.238054,0.0,0.0,271.267438,0.0,0.0,3569.11376953125,19036.0,18699.89892578125,98.8565,0.8238041666666666,63.0,100.0,75.0,1.1,2026-04-06T14:52:01.963354
313,473.430403,0.0,0.0,271.210198,0.0,0.0,3569.11376953125,19036.0,18699.89892578125,98.8565,0.8238041666666666,63.0,100.0,75.0,1.1,2026-04-06T14:52:02.437018
314,475.495217,0.0,0.0,271.142887,0.0,0.0,3569.11376953125,19036.0,18699.89892578125,111.0075,0.9250625,63.0,100.0,77.0,1.1,2026-04-06T14:52:02.919128
315,469.544544,0.0,0.0,271.292929,0.0,0.0,3569.11376953125,19036.0,18699.89892578125,111.0075,0.9250625,63.0,100.0,77.0,1.1,2026-04-06T14:52:03.388903
316,475.372816,0.0,0.0,271.079845,0.0,0.0,3569.11376953125,19036.0,18699.89892578125,99.694,0.8307833333333334,63.0,99.0,78.0,1.1,2026-04-06T14:52:03.867008
317,473.32375,0.0,0.0,271.286548,0.0,0.0,3569.11376953125,19036.0,18699.89892578125,99.694,0.8307833333333334,63.0,99.0,78.0,1.1,2026-04-06T14:52:04.340560
318,475.276054,0.0,0.0,271.358669,0.0,0.0,3569.11376953125,19036.0,18699.89892578125,110.4825,0.9206875,63.0,99.0,76.0,1.1,2026-04-06T14:52:04.819663
319,471.965427,0.0,0.0,270.862191,0.0,0.0,3569.11376953125,19036.0,18699.89892578125,110.4825,0.9206875,63.0,99.0,76.0,1.1,2026-04-06T14:52:05.291860
320,475.266954,0.0,0.0,271.093586,0.0,0.0,3569.11376953125,19036.0,18699.89892578125,99.0195,0.8251625,63.0,100.0,76.0,1.1,2026-04-06T14:52:05.769891
321,473.537264,0.0,0.0,271.023524,0.0,0.0,3569.11376953125,19036.0,18699.89892578125,99.0195,0.8251625,63.0,100.0,76.0,1.1,2026-04-06T14:52:06.243662
322,475.396516,0.0,0.0,271.458892,0.0,0.0,3569.11376953125,19036.0,18699.89892578125,110.4655,0.9205458333333334,63.0,100.0,77.0,1.0,2026-04-06T14:52:06.721818
323,473.271139,0.0,0.0,271.191667,0.0,0.0,3569.11376953125,19036.0,18699.89892578125,110.4655,0.9205458333333334,63.0,100.0,77.0,1.0,2026-04-06T14:52:07.195318
324,474.837387,0.0,0.0,270.625156,0.0,0.0,3569.11376953125,19036.0,18699.89892578125,98.802,0.8233500000000001,63.0,100.0,79.0,1.1,2026-04-06T14:52:07.677818
325,468.476896,0.0,0.0,271.204507,0.0,0.0,3569.11376953125,19036.0,18699.89892578125,98.802,0.8233500000000001,63.0,100.0,79.0,1.1,2026-04-06T14:52:08.146543
326,475.202004,0.0,0.0,271.108336,0.0,0.0,3569.11376953125,19036.0,18699.89892578125,112.106,0.9342166666666666,63.0,99.0,77.0,1.1,2026-04-06T14:52:08.624497
327,473.246569,0.0,0.0,271.195167,0.0,0.0,3569.11376953125,19036.0,18699.89892578125,112.106,0.9342166666666666,63.0,99.0,77.0,1.1,2026-04-06T14:52:09.097966
328,474.982849,0.0,0.0,271.096426,0.0,0.0,3569.11376953125,19036.0,18699.89892578125,98.5435,0.8211958333333332,63.0,99.0,74.0,1.1,2026-04-06T14:52:09.577059
329,471.913115,0.0,0.0,270.979083,0.0,0.0,3569.11376953125,19036.0,18699.89892578125,98.5435,0.8211958333333332,63.0,99.0,74.0,1.1,2026-04-06T14:52:10.049198
330,475.348996,0.0,0.0,271.188086,0.0,0.0,3569.11376953125,19036.0,18699.89892578125,111.8945,0.9324541666666667,63.0,100.0,77.0,1.1,2026-04-06T14:52:10.527356
331,473.31672,0.0,0.0,271.101455,0.0,0.0,3569.11376953125,19036.0,18699.89892578125,111.8945,0.9324541666666667,63.0,100.0,77.0,1.1,2026-04-06T14:52:11.000895
332,475.231284,0.0,0.0,271.176146,0.0,0.0,3569.11376953125,19036.0,18699.89892578125,97.908,0.8159000000000001,63.0,99.0,78.0,1.1,2026-04-06T14:52:11.479051
333,473.267509,0.0,0.0,271.245118,0.0,0.0,3569.11376953125,19036.0,18699.89892578125,97.908,0.8159000000000001,63.0,99.0,78.0,1.1,2026-04-06T14:52:11.952546
334,475.242693,0.0,0.0,270.993724,0.0,0.0,3569.11376953125,19036.0,18699.89892578125,111.434,0.9286166666666666,62.0,99.0,77.0,1.1,2026-04-06T14:52:12.436311
335,467.411587,0.0,0.0,271.076456,0.0,0.0,3569.11376953125,19036.0,18699.89892578125,111.434,0.9286166666666666,62.0,99.0,77.0,1.1,2026-04-06T14:52:12.903943
336,475.365315,0.0,0.0,271.185727,0.0,0.0,3569.11376953125,19036.0,18699.89892578125,99.26,0.8271666666666667,63.0,99.0,75.0,1.1,2026-04-06T14:52:13.382036
337,473.389611,0.0,0.0,271.250037,0.0,0.0,3569.11376953125,19036.0,18699.89892578125,99.26,0.8271666666666667,63.0,99.0,75.0,1.1,2026-04-06T14:52:13.855650
338,475.538138,0.0,0.0,271.338389,0.0,0.0,3569.11376953125,19036.0,18699.89892578125,110.8445,0.9237041666666667,63.0,100.0,77.0,1.0,2026-04-06T14:52:14.335711
339,471.396588,0.0,0.0,270.924612,0.0,0.0,3569.11376953125,19036.0,18699.89892578125,110.8445,0.9237041666666667,63.0,100.0,77.0,1.0,2026-04-06T14:52:14.807347
340,475.462227,0.0,0.0,271.294709,0.0,0.0,3569.11376953125,19036.0,18699.89892578125,99.2105,0.8267541666666667,63.0,99.0,78.0,1.1,2026-04-06T14:52:15.285588
341,473.692317,0.0,0.0,271.150277,0.0,0.0,3569.11376953125,19036.0,18699.89892578125,99.2105,0.8267541666666667,63.0,99.0,78.0,1.1,2026-04-06T14:52:15.759503
342,475.142052,0.0,0.0,271.220897,0.0,0.0,3569.11376953125,19036.0,18699.89892578125,110.502,0.92085,63.0,99.0,77.0,1.1,2026-04-06T14:52:16.237923
343,473.065036,0.0,0.0,271.178887,0.0,0.0,3569.11376953125,19036.0,18699.89892578125,110.502,0.92085,63.0,99.0,77.0,1.1,2026-04-06T14:52:16.711196
344,475.324165,0.0,0.0,270.84385,0.0,0.0,3569.11376953125,19036.0,18699.89892578125,110.3725,0.9197708333333334,63.0,100.0,75.0,1.1,2026-04-06T14:52:17.194920
345,467.364946,0.0,0.0,270.895182,0.0,0.0,3569.11376953125,19036.0,18699.89892578125,110.3725,0.9197708333333334,63.0,100.0,75.0,1.1,2026-04-06T14:52:17.662515
346,475.085382,0.0,0.0,271.077675,0.0,0.0,3569.11376953125,19036.0,18699.89892578125,99.774,0.83145,63.0,100.0,77.0,1.0,2026-04-06T14:52:18.140317
347,473.033275,0.0,0.0,270.924493,0.0,0.0,3569.11376953125,19036.0,18699.89892578125,99.774,0.83145,63.0,100.0,77.0,1.0,2026-04-06T14:52:18.613554
348,474.936809,0.0,0.0,270.905822,0.0,0.0,3569.11376953125,19036.0,18699.89892578125,110.2605,0.9188374999999999,63.0,99.0,76.0,1.1,2026-04-06T14:52:19.094720
349,469.557824,0.0,0.0,270.76494,0.0,0.0,3569.11376953125,19036.0,18699.89892578125,110.2605,0.9188374999999999,63.0,99.0,76.0,1.1,2026-04-06T14:52:19.564498
350,474.957299,0.0,0.0,270.939352,0.0,0.0,3569.11376953125,19036.0,18699.89892578125,99.863,0.8321916666666667,63.0,99.0,77.0,1.1,2026-04-06T14:52:20.042324
351,473.157587,0.0,0.0,271.156926,0.0,0.0,3569.11376953125,19036.0,18699.89892578125,99.863,0.8321916666666667,63.0,99.0,77.0,1.1,2026-04-06T14:52:20.515684
352,475.519149,0.0,0.0,271.241318,0.0,0.0,3569.11376953125,19036.0,18699.89892578125,110.294,0.9191166666666666,63.0,99.0,75.0,1.1,2026-04-06T14:52:20.995023
353,471.850824,0.0,0.0,270.684329,0.0,0.0,3569.11376953125,19036.0,18699.89892578125,110.294,0.9191166666666666,63.0,99.0,75.0,1.1,2026-04-06T14:52:21.467093
354,475.377456,0.0,0.0,271.177337,0.0,0.0,3569.11376953125,19036.0,18699.89892578125,99.941,0.8328416666666667,63.0,100.0,78.0,1.1,2026-04-06T14:52:21.945177
355,473.109516,0.0,0.0,270.918212,0.0,0.0,3569.11376953125,19036.0,18699.89892578125,99.941,0.8328416666666667,63.0,100.0,78.0,1.1,2026-04-06T14:52:22.418522
356,475.464107,0.0,0.0,271.35314,0.0,0.0,3569.11376953125,19036.0,18699.89892578125,110.249,0.9187416666666666,63.0,100.0,76.0,1.1,2026-04-06T14:52:22.896703
357,473.30868,0.0,0.0,271.201476,0.0,0.0,3569.11376953125,19036.0,18699.89892578125,110.249,0.9187416666666666,63.0,100.0,76.0,1.1,2026-04-06T14:52:23.370245
358,474.997289,0.0,0.0,270.728678,0.0,0.0,3569.11376953125,19036.0,18699.89892578125,99.4715,0.8289291666666667,63.0,99.0,78.0,1.1,2026-04-06T14:52:23.852740
359,468.598458,0.0,0.0,271.168977,0.0,0.0,3569.11376953125,19036.0,18699.89892578125,99.4715,0.8289291666666667,63.0,99.0,78.0,1.1,2026-04-06T14:52:24.321578
360,475.338176,0.0,0.0,271.113846,0.0,0.0,3569.11376953125,19036.0,18699.89892578125,110.9775,0.9248125,63.0,99.0,76.0,1.1,2026-04-06T14:52:24.799797
361,473.252068,0.0,0.0,271.434011,0.0,0.0,3569.11376953125,19036.0,18699.89892578125,110.9775,0.9248125,63.0,99.0,76.0,1.1,2026-04-06T14:52:25.273276
362,475.140291,0.0,0.0,271.012784,0.0,0.0,3569.11376953125,19036.0,18699.89892578125,99.2475,0.8270625,63.0,100.0,76.0,1.1,2026-04-06T14:52:25.752172
363,472.184671,0.0,0.0,271.011153,0.0,0.0,3569.11376953125,19036.0,18699.89892578125,99.2475,0.8270625,63.0,100.0,76.0,1.1,2026-04-06T14:52:26.224584
364,475.59585,0.0,0.0,271.315509,0.0,0.0,3569.11376953125,19036.0,18699.89892578125,111.305,0.9275416666666667,63.0,100.0,77.0,1.1,2026-04-06T14:52:26.702960
365,473.32655,0.0,0.0,271.271717,0.0,0.0,3569.11376953125,19036.0,18699.89892578125,111.305,0.9275416666666667,63.0,100.0,77.0,1.1,2026-04-06T14:52:27.176513
366,475.493848,0.0,0.0,271.217968,0.0,0.0,3569.11376953125,19036.0,18699.89892578125,98.7645,0.8230375,63.0,100.0,78.0,1.1,2026-04-06T14:52:27.654777
367,473.474162,0.0,0.0,271.309379,0.0,0.0,3569.11376953125,19036.0,18699.89892578125,98.7645,0.8230375,63.0,100.0,78.0,1.1,2026-04-06T14:52:28.128484
368,475.256753,0.0,0.0,270.882402,0.0,0.0,3569.11376953125,19036.0,18699.89892578125,110.836,0.9236333333333333,63.0,100.0,76.0,1.0,2026-04-06T14:52:28.611435
369,468.384774,0.0,0.0,271.152406,0.0,0.0,3569.11376953125,19036.0,18699.89892578125,110.836,0.9236333333333333,63.0,100.0,76.0,1.0,2026-04-06T14:52:29.080050
370,475.65705,0.0,0.0,271.324619,0.0,0.0,3569.11376953125,19036.0,18699.89892578125,99.691,0.8307583333333334,63.0,100.0,76.0,1.1,2026-04-06T14:52:29.558483
371,473.30878,0.0,0.0,271.40125,0.0,0.0,3569.11376953125,19036.0,18699.89892578125,99.691,0.8307583333333334,63.0,100.0,76.0,1.1,2026-04-06T14:52:30.032021
372,475.700832,0.0,0.0,271.416751,0.0,0.0,3569.11376953125,19036.0,18699.89892578125,110.5735,0.9214458333333333,63.0,100.0,77.0,1.1,2026-04-06T14:52:30.511372
373,472.16948,0.0,0.0,270.861642,0.0,0.0,3569.11376953125,19036.0,18699.89892578125,110.5735,0.9214458333333333,63.0,100.0,77.0,1.1,2026-04-06T14:52:30.983779
374,475.698682,0.0,0.0,271.290509,0.0,0.0,3569.11376953125,19036.0,18699.89892578125,98.9715,0.8247625,63.0,100.0,78.0,1.1,2026-04-06T14:52:31.462212
375,473.28078,0.0,0.0,271.050844,0.0,0.0,3569.11376953125,19036.0,18699.89892578125,98.9715,0.8247625,63.0,100.0,78.0,1.1,2026-04-06T14:52:31.935712
376,475.300114,0.0,0.0,271.205068,0.0,0.0,3569.11376953125,19036.0,18699.89892578125,110.5645,0.9213708333333334,63.0,100.0,76.0,1.1,2026-04-06T14:52:32.413745
377,473.33241,0.0,0.0,271.293798,0.0,0.0,3569.11376953125,19036.0,18699.89892578125,110.5645,0.9213708333333334,63.0,100.0,76.0,1.1,2026-04-06T14:52:32.887310
378,475.337755,0.0,0.0,270.767099,0.0,0.0,3569.11376953125,19036.0,18699.89892578125,98.7585,0.8229875,63.0,100.0,75.0,1.1,2026-04-06T14:52:33.369836
379,468.568598,0.0,0.0,271.119286,0.0,0.0,3569.11376953125,19036.0,18699.89892578125,98.7585,0.8229875,63.0,100.0,75.0,1.1,2026-04-06T14:52:33.838634
380,475.939636,0.0,0.0,271.150337,0.0,0.0,3569.11376953125,19036.0,18699.89892578125,112.1485,0.9345708333333334,63.0,100.0,77.0,1.1,2026-04-06T14:52:34.317316
381,473.066945,0.0,0.0,271.158626,0.0,0.0,3569.11376953125,19036.0,18699.89892578125,112.1485,0.9345708333333334,63.0,100.0,77.0,1.1,2026-04-06T14:52:34.790626
382,475.323905,0.0,0.0,271.104306,0.0,0.0,3569.11376953125,19036.0,18699.89892578125,98.3465,0.8195541666666667,63.0,100.0,79.0,1.1,2026-04-06T14:52:35.269570
383,472.271052,0.0,0.0,270.848191,0.0,0.0,3569.11376953125,19036.0,18699.89892578125,98.3465,0.8195541666666667,63.0,100.0,79.0,1.1,2026-04-06T14:52:35.742062
384,475.494788,0.0,0.0,271.260378,0.0,0.0,3569.11376953125,19036.0,18699.89892578125,111.8935,0.9324458333333334,63.0,100.0,76.0,1.1,2026-04-06T14:52:36.220357
385,473.572915,0.0,0.0,271.314649,0.0,0.0,3569.11376953125,19036.0,18699.89892578125,111.8935,0.9324458333333334,63.0,100.0,76.0,1.1,2026-04-06T14:52:36.694158
386,475.304175,0.0,0.0,271.33208,0.0,0.0,3569.11376953125,19036.0,18699.89892578125,97.8915,0.8157625,63.0,100.0,74.0,1.1,2026-04-06T14:52:37.172231
387,473.608045,0.0,0.0,271.326249,0.0,0.0,3569.11376953125,19036.0,18699.89892578125,97.8915,0.8157625,63.0,100.0,74.0,1.1,2026-04-06T14:52:37.646066
388,475.386656,0.0,0.0,271.066355,0.0,0.0,3569.11376953125,19036.0,18699.89892578125,111.581,0.9298416666666668,63.0,100.0,77.0,1.1,2026-04-06T14:52:38.128306
389,469.436742,0.0,0.0,271.37707,0.0,0.0,3569.11376953125,19036.0,18699.89892578125,111.581,0.9298416666666668,63.0,100.0,77.0,1.1,2026-04-06T14:52:38.597981
390,475.436967,0.0,0.0,271.179856,0.0,0.0,3569.11376953125,19036.0,18699.89892578125,99.121,0.8260083333333332,63.0,99.0,78.0,1.1,2026-04-06T14:52:39.076447
391,473.104016,0.0,0.0,271.315269,0.0,0.0,3569.11376953125,19036.0,18699.89892578125,99.121,0.8260083333333332,63.0,99.0,78.0,1.1,2026-04-06T14:52:39.549779
392,475.501839,0.0,0.0,271.33498,0.0,0.0,3569.11376953125,19036.0,18699.89892578125,110.889,0.924075,63.0,99.0,77.0,1.1,2026-04-06T14:52:40.029205
393,472.20155,0.0,0.0,271.022884,0.0,0.0,3569.11376953125,19036.0,18699.89892578125,110.889,0.924075,63.0,99.0,77.0,1.1,2026-04-06T14:52:40.501625
394,475.537309,0.0,0.0,271.120196,0.0,0.0,3569.11376953125,19036.0,18699.89892578125,110.697,0.9224749999999999,63.0,99.0,75.0,1.1,2026-04-06T14:52:40.979760
395,473.361721,0.0,0.0,271.090436,0.0,0.0,3569.11376953125,19036.0,18699.89892578125,110.697,0.9224749999999999,63.0,99.0,75.0,1.1,2026-04-06T14:52:41.453346
396,475.128421,0.0,0.0,271.295929,0.0,0.0,3569.11376953125,19036.0,18699.89892578125,100.3995,0.8366625000000001,64.0,100.0,77.0,1.1,2026-04-06T14:52:41.931218
397,473.709626,0.0,0.0,271.427901,0.0,0.0,3569.11376953125,19036.0,18699.89892578125,100.3995,0.8366625000000001,64.0,100.0,77.0,1.1,2026-04-06T14:52:42.405139
398,475.360146,0.0,0.0,271.104054,0.0,0.0,3569.11376953125,19036.0,18699.89892578125,110.451,0.9204249999999999,63.0,99.0,76.0,1.1,2026-04-06T14:52:42.887711
399,469.310631,0.0,0.0,271.397221,0.0,0.0,3569.11376953125,19036.0,18699.89892578125,110.451,0.9204249999999999,63.0,99.0,76.0,1.1,2026-04-06T14:52:43.357249
400,476.076087,0.0,0.0,271.755667,0.0,0.0,3569.11376953125,19036.0,18699.89892578125,99.905,0.8325416666666667,63.0,99.0,77.0,1.1,2026-04-06T14:52:43.836234
401,473.629265,0.0,0.0,271.582744,0.0,0.0,3569.11376953125,19036.0,18699.89892578125,99.905,0.8325416666666667,63.0,99.0,77.0,1.1,2026-04-06T14:52:44.310134
402,475.322915,0.0,0.0,271.219528,0.0,0.0,3569.11376953125,19036.0,18699.89892578125,110.277,0.918975,63.0,99.0,76.0,1.1,2026-04-06T14:52:44.789065
403,472.78972,0.0,0.0,271.314848,0.0,0.0,3569.11376953125,19036.0,18699.89892578125,110.277,0.918975,63.0,99.0,76.0,1.1,2026-04-06T14:52:45.262077
404,475.761203,0.0,0.0,271.095214,0.0,0.0,3569.11376953125,19036.0,18699.89892578125,99.6105,0.8300875,63.0,100.0,77.0,1.0,2026-04-06T14:52:45.745894
405,467.979368,0.0,0.0,271.267708,0.0,0.0,3569.11376953125,19036.0,18699.89892578125,99.6105,0.8300875,63.0,100.0,77.0,1.0,2026-04-06T14:52:46.214117
406,475.545679,0.0,0.0,271.258558,0.0,0.0,3569.11376953125,19036.0,18699.89892578125,111.367,0.9280583333333334,63.0,100.0,77.0,1.0,2026-04-06T14:52:46.692412
407,473.624335,0.0,0.0,271.33941,0.0,0.0,3569.11376953125,19036.0,18699.89892578125,111.367,0.9280583333333334,63.0,100.0,77.0,1.0,2026-04-06T14:52:47.166271
408,475.260264,0.0,0.0,271.057125,0.0,0.0,3569.11376953125,19036.0,18699.89892578125,99.2915,0.8274291666666667,63.0,99.0,78.0,1.1,2026-04-06T14:52:47.645320
409,472.346003,0.0,0.0,271.048165,0.0,0.0,3569.11376953125,19036.0,18699.89892578125,99.2915,0.8274291666666667,63.0,99.0,78.0,1.1,2026-04-06T14:52:48.117910
410,475.659071,0.0,0.0,271.171636,0.0,0.0,3569.11376953125,19036.0,18699.89892578125,111.378,0.92815,63.0,99.0,76.0,1.1,2026-04-06T14:52:48.596298
411,473.149877,0.0,0.0,271.018343,0.0,0.0,3569.11376953125,19036.0,18699.89892578125,111.378,0.92815,63.0,99.0,76.0,1.1,2026-04-06T14:52:49.069681
412,475.270585,0.0,0.0,271.189427,0.0,0.0,3569.11376953125,19036.0,18699.89892578125,98.7885,0.8232375,63.0,100.0,75.0,1.1,2026-04-06T14:52:49.547748
413,473.32107,0.0,0.0,271.045824,0.0,0.0,3569.11376953125,19036.0,18699.89892578125,98.7885,0.8232375,63.0,100.0,75.0,1.1,2026-04-06T14:52:50.021301
414,475.229813,0.0,0.0,270.906872,0.0,0.0,3569.11376953125,19036.0,18699.89892578125,110.7105,0.9225875,63.0,100.0,77.0,1.1,2026-04-06T14:52:50.504748
415,467.849855,0.0,0.0,271.067125,0.0,0.0,3569.11376953125,19036.0,18699.89892578125,110.7105,0.9225875,63.0,100.0,77.0,1.1,2026-04-06T14:52:50.972825
416,475.209563,0.0,0.0,271.184367,0.0,0.0,3569.11376953125,19036.0,18699.89892578125,99.816,0.8318,63.0,99.0,78.0,1.1,2026-04-06T14:52:51.450833
417,473.29235,0.0,0.0,271.260348,0.0,0.0,3569.11376953125,19036.0,18699.89892578125,99.816,0.8318,63.0,99.0,78.0,1.1,2026-04-06T14:52:51.924357
418,475.165582,0.0,0.0,271.079784,0.0,0.0,3569.11376953125,19036.0,18699.89892578125,110.5895,0.9215791666666666,63.0,100.0,76.0,1.1,2026-04-06T14:52:52.407265
419,468.443356,0.0,0.0,270.82596,0.0,0.0,3569.11376953125,19036.0,18699.89892578125,110.5895,0.9215791666666666,63.0,100.0,76.0,1.1,2026-04-06T14:52:52.875937
420,475.242374,0.0,0.0,271.030564,0.0,0.0,3569.11376953125,19036.0,18699.89892578125,99.386,0.8282166666666666,63.0,100.0,75.0,1.1,2026-04-06T14:52:53.353962
421,473.505043,0.0,0.0,271.287699,0.0,0.0,3569.11376953125,19036.0,18699.89892578125,99.386,0.8282166666666666,63.0,100.0,75.0,1.1,2026-04-06T14:52:53.827706
422,475.491608,0.0,0.0,271.197728,0.0,0.0,3569.11376953125,19036.0,18699.89892578125,110.1965,0.9183041666666667,63.0,100.0,77.0,1.1,2026-04-06T14:52:54.305972
423,473.227768,0.0,0.0,270.984602,0.0,0.0,3569.11376953125,19036.0,18699.89892578125,110.1965,0.9183041666666667,63.0,100.0,77.0,1.1,2026-04-06T14:52:54.779425
424,475.000989,0.0,0.0,270.731588,0.0,0.0,3569.11376953125,19036.0,18699.89892578125,98.8415,0.8236791666666666,63.0,100.0,78.0,1.1,2026-04-06T14:52:55.257569
425,472.732421,0.0,0.0,270.983254,0.0,0.0,3569.11376953125,19036.0,18699.89892578125,98.8415,0.8236791666666666,63.0,100.0,78.0,1.1,2026-04-06T14:52:55.730536
426,475.455947,0.0,0.0,271.163687,0.0,0.0,3569.11376953125,19036.0,18699.89892578125,110.5585,0.9213208333333333,63.0,99.0,77.0,1.1,2026-04-06T14:52:56.208745
427,473.412341,0.0,0.0,271.223008,0.0,0.0,3569.11376953125,19036.0,18699.89892578125,110.5585,0.9213208333333333,63.0,99.0,77.0,1.1,2026-04-06T14:52:56.682382
428,475.450267,0.0,0.0,271.235317,0.0,0.0,3569.11376953125,19036.0,18699.89892578125,98.6385,0.8219875,63.0,100.0,74.0,1.0,2026-04-06T14:52:57.162333
429,471.238444,0.0,0.0,270.710169,0.0,0.0,3569.11376953125,19036.0,18699.89892578125,98.6385,0.8219875,63.0,100.0,74.0,1.0,2026-04-06T14:52:57.633797
430,475.151202,0.0,0.0,271.147066,0.0,0.0,3569.11376953125,19036.0,18699.89892578125,112.165,0.9347083333333334,63.0,100.0,77.0,1.0,2026-04-06T14:52:58.111689
431,473.287529,0.0,0.0,271.287328,0.0,0.0,3569.11376953125,19036.0,18699.89892578125,112.165,0.9347083333333334,63.0,100.0,77.0,1.0,2026-04-06T14:52:58.585187
432,474.97527,0.0,0.0,271.031734,0.0,0.0,3569.11376953125,19036.0,18699.89892578125,98.0975,0.8174791666666666,63.0,100.0,79.0,1.0,2026-04-06T14:52:59.064057
433,471.835915,0.0,0.0,270.976873,0.0,0.0,3569.11376953125,19036.0,18699.89892578125,98.0975,0.8174791666666666,63.0,100.0,79.0,1.0,2026-04-06T14:52:59.536110
434,475.113182,0.0,0.0,270.981364,0.0,0.0,3569.11376953125,19036.0,18699.89892578125,111.614,0.9301166666666667,63.0,99.0,77.0,1.0,2026-04-06T14:53:00.013985
435,472.996235,0.0,0.0,270.884451,0.0,0.0,3569.11376953125,19036.0,18699.89892578125,111.614,0.9301166666666667,63.0,99.0,77.0,1.0,2026-04-06T14:53:00.487189
436,475.215843,0.0,0.0,271.189887,0.0,0.0,3569.11376953125,19036.0,18699.89892578125,98.024,0.8168666666666667,63.0,100.0,75.0,1.1,2026-04-06T14:53:00.965135
437,473.30157,0.0,0.0,271.256817,0.0,0.0,3569.11376953125,19036.0,18699.89892578125,98.024,0.8168666666666667,63.0,100.0,75.0,1.1,2026-04-06T14:53:01.438660
438,474.947288,0.0,0.0,270.757099,0.0,0.0,3569.11376953125,19036.0,18699.89892578125,111.502,0.9291833333333334,63.0,100.0,77.0,1.1,2026-04-06T14:53:01.921245
439,468.578958,0.0,0.0,271.099906,0.0,0.0,3569.11376953125,19036.0,18699.89892578125,111.502,0.9291833333333334,63.0,100.0,77.0,1.1,2026-04-06T14:53:02.390030
440,475.263314,0.0,0.0,270.987194,0.0,0.0,3569.11376953125,19036.0,18699.89892578125,98.9895,0.8249125000000002,63.0,99.0,78.0,1.1,2026-04-06T14:53:02.868128
441,472.772591,0.0,0.0,270.993734,0.0,0.0,3569.11376953125,19036.0,18699.89892578125,98.9895,0.8249125000000002,63.0,99.0,78.0,1.1,2026-04-06T14:53:03.341130
442,475.358115,0.0,0.0,271.224568,0.0,0.0,3569.11376953125,19036.0,18699.89892578125,110.8295,0.9235791666666666,63.0,99.0,77.0,1.1,2026-04-06T14:53:03.820687
443,471.59257,0.0,0.0,270.79003,0.0,0.0,3569.11376953125,19036.0,18699.89892578125,110.8295,0.9235791666666666,63.0,99.0,77.0,1.1,2026-04-06T14:53:04.292501
444,475.225223,0.0,0.0,270.908901,0.0,0.0,3569.11376953125,19036.0,18699.89892578125,99.2295,0.8269125,63.0,100.0,75.0,1.1,2026-04-06T14:53:04.770479
445,473.068006,0.0,0.0,270.979464,0.0,0.0,3569.11376953125,19036.0,18699.89892578125,99.2295,0.8269125,63.0,100.0,75.0,1.1,2026-04-06T14:53:05.243769
446,474.886227,0.0,0.0,270.989563,0.0,0.0,3569.11376953125,19036.0,18699.89892578125,110.62,0.9218333333333334,63.0,100.0,77.0,1.0,2026-04-06T14:53:05.722676
447,471.938916,0.0,0.0,271.014264,0.0,0.0,3569.11376953125,19036.0,18699.89892578125,110.62,0.9218333333333334,63.0,100.0,77.0,1.0,2026-04-06T14:53:06.194839
448,475.240713,0.0,0.0,270.904182,0.0,0.0,3569.11376953125,19036.0,18699.89892578125,110.437,0.9203083333333334,63.0,100.0,78.0,1.0,2026-04-06T14:53:06.672971
449,472.75944,0.0,0.0,271.006314,0.0,0.0,3569.11376953125,19036.0,18699.89892578125,110.437,0.9203083333333334,63.0,100.0,78.0,1.0,2026-04-06T14:53:07.145959
450,475.143712,0.0,0.0,271.311559,0.0,0.0,3569.11376953125,19036.0,18699.89892578125,100.2795,0.8356625,63.0,100.0,77.0,1.1,2026-04-06T14:53:07.623865
451,473.265519,0.0,0.0,271.141896,0.0,0.0,3569.11376953125,19036.0,18699.89892578125,100.2795,0.8356625,63.0,100.0,77.0,1.1,2026-04-06T14:53:08.097366
452,475.231334,0.0,0.0,270.943683,0.0,0.0,3569.11376953125,19036.0,18699.89892578125,110.2565,0.9188041666666668,62.0,100.0,75.0,1.1,2026-04-06T14:53:08.579271
453,469.225378,0.0,0.0,271.008314,0.0,0.0,3569.11376953125,19036.0,18699.89892578125,110.2565,0.9188041666666668,62.0,100.0,75.0,1.1,2026-04-06T14:53:09.048732
454,475.117911,0.0,0.0,270.903682,0.0,0.0,3569.11376953125,19036.0,18699.89892578125,99.7415,0.8311791666666667,63.0,100.0,77.0,1.0,2026-04-06T14:53:09.526508
455,473.273069,0.0,0.0,271.382021,0.0,0.0,3569.11376953125,19036.0,18699.89892578125,99.7415,0.8311791666666667,63.0,100.0,77.0,1.0,2026-04-06T14:53:10.000006
456,475.183422,0.0,0.0,271.171016,0.0,0.0,3569.11376953125,19036.0,18699.89892578125,110.2135,0.9184458333333333,63.0,100.0,77.0,1.1,2026-04-06T14:53:10.479357
457,471.578209,0.0,0.0,270.80552,0.0,0.0,3569.11376953125,19036.0,18699.89892578125,110.2135,0.9184458333333333,63.0,100.0,77.0,1.1,2026-04-06T14:53:10.951158
458,475.539509,0.0,0.0,271.240037,0.0,0.0,3569.11376953125,19036.0,18699.89892578125,99.8815,0.8323458333333333,62.0,100.0,78.0,1.1,2026-04-06T14:53:11.444381
459,458.39352,0.0,0.0,271.164357,0.0,0.0,3569.11376953125,19036.0,18699.89892578125,99.8815,0.8323458333333333,62.0,100.0,78.0,1.1,2026-04-06T14:53:11.903014
460,475.316044,0.0,0.0,271.240948,0.0,0.0,3569.11376953125,19036.0,18699.89892578125,110.785,0.9232083333333333,63.0,99.0,76.0,1.1,2026-04-06T14:53:12.381046
461,473.007554,0.0,0.0,270.866701,0.0,0.0,3569.11376953125,19036.0,18699.89892578125,110.785,0.9232083333333333,63.0,99.0,76.0,1.1,2026-04-06T14:53:12.854283
462,474.895808,0.0,0.0,270.79492,0.0,0.0,3569.11376953125,19036.0,18699.89892578125,99.684,0.8307,62.0,100.0,77.0,1.1,2026-04-06T14:53:13.337604
463,467.346595,0.0,0.0,271.026424,0.0,0.0,3569.11376953125,19036.0,18699.89892578125,99.684,0.8307,62.0,100.0,77.0,1.1,2026-04-06T14:53:13.805182
464,475.561999,0.0,0.0,271.186576,0.0,0.0,3569.11376953125,19036.0,18699.89892578125,111.2565,0.9271375000000001,63.0,100.0,76.0,1.1,2026-04-06T14:53:14.283629
465,473.167378,0.0,0.0,271.192477,0.0,0.0,3569.11376953125,19036.0,18699.89892578125,111.2565,0.9271375000000001,63.0,100.0,76.0,1.1,2026-04-06T14:53:14.757092
466,475.310265,0.0,0.0,271.188877,0.0,0.0,3569.11376953125,19036.0,18699.89892578125,99.0895,0.8257458333333333,62.0,100.0,78.0,1.1,2026-04-06T14:53:15.236920
467,471.434707,0.0,0.0,270.915103,0.0,0.0,3569.11376953125,19036.0,18699.89892578125,99.0895,0.8257458333333333,62.0,100.0,78.0,1.1,2026-04-06T14:53:15.708571
468,475.316095,0.0,0.0,271.141236,0.0,0.0,3569.11376953125,19036.0,18699.89892578125,111.21,0.92675,62.0,99.0,76.0,1.1,2026-04-06T14:53:16.186634
469,473.345641,0.0,0.0,270.952583,0.0,0.0,3569.11376953125,19036.0,18699.89892578125,111.21,0.92675,62.0,99.0,76.0,1.1,2026-04-06T14:53:16.660191
470,475.126182,0.0,0.0,271.071265,0.0,0.0,3569.11376953125,19036.0,18699.89892578125,98.9625,0.8246875,63.0,100.0,76.0,1.1,2026-04-06T14:53:17.138761
471,472.277342,0.0,0.0,270.946292,0.0,0.0,3569.11376953125,19036.0,18699.89892578125,98.9625,0.8246875,63.0,100.0,76.0,1.1,2026-04-06T14:53:17.611253
472,475.218813,0.0,0.0,270.999354,0.0,0.0,3569.11376953125,19036.0,18699.89892578125,110.9215,0.9243458333333333,63.0,100.0,77.0,1.1,2026-04-06T14:53:18.089699
473,472.437034,0.0,0.0,270.986094,0.0,0.0,3569.11376953125,19036.0,18699.89892578125,110.9215,0.9243458333333333,63.0,100.0,77.0,1.1,2026-04-06T14:53:18.562366
474,475.081051,0.0,0.0,271.257318,0.0,0.0,3569.11376953125,19036.0,18699.89892578125,98.794,0.8232833333333333,62.0,100.0,78.0,1.1,2026-04-06T14:53:19.040227
475,473.018945,0.0,0.0,271.244728,0.0,0.0,3569.11376953125,19036.0,18699.89892578125,98.794,0.8232833333333333,62.0,100.0,78.0,1.1,2026-04-06T14:53:19.513471
476,474.838737,0.0,0.0,270.708898,0.0,0.0,3569.11376953125,19036.0,18699.89892578125,111.0115,0.9250958333333332,62.0,99.0,77.0,1.1,2026-04-06T14:53:19.995445
477,469.002835,0.0,0.0,271.199187,0.0,0.0,3569.11376953125,19036.0,18699.89892578125,111.0115,0.9250958333333332,62.0,99.0,77.0,1.1,2026-04-06T14:53:20.464678
478,475.246884,0.0,0.0,271.009283,0.0,0.0,3569.11376953125,19036.0,18699.89892578125,99.699,0.8308249999999999,62.0,100.0,76.0,1.1,2026-04-06T14:53:20.942670
479,473.112437,0.0,0.0,271.189718,0.0,0.0,3569.11376953125,19036.0,18699.89892578125,99.699,0.8308249999999999,62.0,100.0,76.0,1.1,2026-04-06T14:53:21.416014
480,475.076941,0.0,0.0,270.997894,0.0,0.0,3569.11376953125,19036.0,18699.89892578125,110.5835,0.9215291666666667,62.0,100.0,77.0,1.3,2026-04-06T14:53:21.895188
481,471.61617,0.0,0.0,270.741519,0.0,0.0,3569.11376953125,19036.0,18699.89892578125,110.5835,0.9215291666666667,62.0,100.0,77.0,1.3,2026-04-06T14:53:22.367029
482,475.145291,0.0,0.0,270.856011,0.0,0.0,3569.11376953125,19036.0,18699.89892578125,99.229,0.8269083333333334,63.0,100.0,78.0,1.3,2026-04-06T14:53:22.844926
483,473.147737,0.0,0.0,271.064754,0.0,0.0,3569.11376953125,19036.0,18699.89892578125,99.229,0.8269083333333334,63.0,100.0,78.0,1.3,2026-04-06T14:53:23.318302
484,474.731954,0.0,0.0,270.937472,0.0,0.0,3569.11376953125,19036.0,18699.89892578125,110.2145,0.9184541666666667,62.0,100.0,76.0,2.0,2026-04-06T14:53:23.796474
485,472.250202,0.0,0.0,270.850961,0.0,0.0,3569.11376953125,19036.0,18699.89892578125,110.2145,0.9184541666666667,62.0,100.0,76.0,2.0,2026-04-06T14:53:24.268950
486,475.129142,0.0,0.0,270.829371,0.0,0.0,3569.11376953125,19036.0,18699.89892578125,98.855,0.8237916666666667,62.0,100.0,76.0,1.5,2026-04-06T14:53:24.747102
487,472.634888,0.0,0.0,270.972763,0.0,0.0,3569.11376953125,19036.0,18699.89892578125,98.855,0.8237916666666667,62.0,100.0,76.0,1.5,2026-04-06T14:53:25.219959
488,475.106851,0.0,0.0,271.142306,0.0,0.0,3569.11376953125,19036.0,18699.89892578125,110.4885,0.9207375000000001,62.0,100.0,77.0,1.4,2026-04-06T14:53:25.697858
489,473.281279,0.0,0.0,271.209598,0.0,0.0,3569.11376953125,19036.0,18699.89892578125,110.4885,0.9207375000000001,62.0,100.0,77.0,1.4,2026-04-06T14:53:26.171362
490,474.756125,0.0,0.0,270.730018,0.0,0.0,3569.11376953125,19036.0,18699.89892578125,98.7855,0.8232125,62.0,99.0,78.0,1.4,2026-04-06T14:53:26.653569
491,468.838792,0.0,0.0,271.060984,0.0,0.0,3569.11376953125,19036.0,18699.89892578125,98.7855,0.8232125,62.0,99.0,78.0,1.4,2026-04-06T14:53:27.122655
492,474.877108,0.0,0.0,270.81855,0.0,0.0,3569.11376953125,19036.0,18699.89892578125,111.9975,0.9333125000000001,62.0,100.0,77.0,1.5,2026-04-06T14:53:27.600283
493,472.522036,0.0,0.0,270.421783,0.0,0.0,3569.11376953125,19036.0,18699.89892578125,111.9975,0.9333125000000001,62.0,100.0,77.0,1.5,2026-04-06T14:53:28.073027
494,474.792215,0.0,0.0,271.129666,0.0,0.0,3569.11376953125,19036.0,18699.89892578125,98.4585,0.8204875,62.0,99.0,75.0,1.6,2026-04-06T14:53:28.552783
495,470.910718,0.0,0.0,270.767279,0.0,0.0,3569.11376953125,19036.0,18699.89892578125,98.4585,0.8204875,62.0,99.0,75.0,1.6,2026-04-06T14:53:29.023909
496,475.119711,0.0,0.0,271.033024,0.0,0.0,3569.11376953125,19036.0,18699.89892578125,111.957,0.932975,62.0,100.0,77.0,1.6,2026-04-06T14:53:29.501854
497,472.312932,0.0,0.0,270.458684,0.0,0.0,3569.11376953125,19036.0,18699.89892578125,111.957,0.932975,62.0,100.0,77.0,1.6,2026-04-06T14:53:29.974384
498,474.663694,0.0,0.0,270.769689,0.0,0.0,3569.11376953125,19036.0,18699.89892578125,98.315,0.8192916666666666,62.0,99.0,79.0,1.6,2026-04-06T14:53:30.452773
499,471.623752,0.0,0.0,270.80167,0.0,0.0,3569.11376953125,19036.0,18699.89892578125,98.315,0.8192916666666666,62.0,99.0,79.0,1.6,2026-04-06T14:53:30.924621
500,475.360395,0.0,0.0,271.172037,0.0,0.0,3569.11376953125,19036.0,18699.89892578125,112.149,0.934575,62.0,100.0,76.0,1.6,2026-04-06T14:53:31.402844
501,472.72553,0.0,0.0,270.82194,0.0,0.0,3569.11376953125,19036.0,18699.89892578125,112.149,0.934575,62.0,100.0,76.0,1.6,2026-04-06T14:53:31.875806
502,475.146421,0.0,0.0,270.562317,0.0,0.0,3569.11376953125,19036.0,18699.89892578125,97.2925,0.8107708333333333,62.0,99.0,74.0,1.6,2026-04-06T14:53:32.354191
503,472.362413,0.0,0.0,270.982923,0.0,0.0,3569.11376953125,19036.0,18699.89892578125,97.2925,0.8107708333333333,62.0,99.0,74.0,1.6,2026-04-06T14:53:32.826780
504,475.122391,0.0,0.0,270.83766,0.0,0.0,3569.11376953125,19036.0,18699.89892578125,111.5885,0.9299041666666666,62.0,100.0,77.0,1.6,2026-04-06T14:53:33.305012
505,471.57468,0.0,0.0,270.19534,0.0,0.0,3569.11376953125,19036.0,18699.89892578125,111.5885,0.9299041666666666,62.0,100.0,77.0,1.6,2026-04-06T14:53:33.776809
506,474.47345,0.0,0.0,270.72203,0.0,0.0,3569.11376953125,19036.0,18699.89892578125,98.0635,0.8171958333333333,62.0,100.0,78.0,1.6,2026-04-06T14:53:34.254060
507,473.239709,0.0,0.0,270.859941,0.0,0.0,3569.11376953125,19036.0,18699.89892578125,98.0635,0.8171958333333333,62.0,100.0,78.0,1.6,2026-04-06T14:53:34.727518
508,474.585362,0.0,0.0,270.584076,0.0,0.0,3569.11376953125,19036.0,18699.89892578125,110.807,0.9233916666666667,61.0,100.0,77.0,1.6,2026-04-06T14:53:35.213435
509,464.325643,0.0,0.0,270.833951,0.0,0.0,3569.11376953125,19036.0,18699.89892578125,110.807,0.9233916666666667,61.0,100.0,77.0,1.6,2026-04-06T14:53:35.678016
510,474.737495,0.0,0.0,270.924402,0.0,0.0,3569.11376953125,19036.0,18699.89892578125,110.0985,0.9174875,61.0,100.0,75.0,1.7,2026-04-06T14:53:36.170901
511,457.533085,0.0,0.0,271.083144,0.0,0.0,3569.11376953125,19036.0,18699.89892578125,110.0985,0.9174875,61.0,100.0,75.0,1.7,2026-04-06T14:53:36.628676
512,475.064212,0.0,0.0,270.619477,0.0,0.0,3569.11376953125,19036.0,18699.89892578125,99.7835,0.8315291666666667,62.0,100.0,78.0,1.8,2026-04-06T14:53:37.110416
513,469.397902,0.0,0.0,270.974984,0.0,0.0,3569.11376953125,19036.0,18699.89892578125,99.7835,0.8315291666666667,62.0,100.0,78.0,1.8,2026-04-06T14:53:37.580049
514,474.674453,0.0,0.0,270.75166,0.0,0.0,3569.11376953125,19036.0,18699.89892578125,98.757,0.822975,62.0,100.0,78.0,1.7,2026-04-06T14:53:38.057468
515,472.257822,0.0,0.0,270.332972,0.0,0.0,3569.11376953125,19036.0,18699.89892578125,98.757,0.822975,62.0,100.0,78.0,1.7,2026-04-06T14:53:38.529953
516,474.312408,0.0,0.0,270.174979,0.0,0.0,3569.11376953125,19036.0,18699.89892578125,110.5455,0.9212125000000001,62.0,99.0,77.0,1.8,2026-04-06T14:53:39.009705
517,470.307937,0.0,0.0,270.682657,0.0,0.0,3569.11376953125,19036.0,18699.89892578125,110.5455,0.9212125000000001,62.0,99.0,77.0,1.8,2026-04-06T14:53:39.480237
518,474.759235,0.0,0.0,270.836661,0.0,0.0,3569.11376953125,19036.0,18699.89892578125,98.942,0.8245166666666666,62.0,100.0,74.0,1.8,2026-04-06T14:53:39.957924
519,472.550297,0.0,0.0,270.919163,0.0,0.0,3569.11376953125,19036.0,18699.89892578125,98.942,0.8245166666666666,62.0,100.0,74.0,1.8,2026-04-06T14:53:40.430693
520,474.898257,0.0,0.0,271.027065,0.0,0.0,3569.11376953125,19036.0,18699.89892578125,110.693,0.9224416666666666,62.0,100.0,77.0,1.6,2026-04-06T14:53:40.909264
521,471.906516,0.0,0.0,270.585266,0.0,0.0,3569.11376953125,19036.0,18699.89892578125,110.693,0.9224416666666666,62.0,100.0,77.0,1.6,2026-04-06T14:53:41.381381
522,474.899557,0.0,0.0,270.665078,0.0,0.0,3569.11376953125,19036.0,18699.89892578125,98.5795,0.8214958333333333,62.0,100.0,79.0,1.8,2026-04-06T14:53:41.859079
523,472.832702,0.0,0.0,270.83315,0.0,0.0,3569.11376953125,19036.0,18699.89892578125,98.5795,0.8214958333333333,62.0,100.0,79.0,1.8,2026-04-06T14:53:42.332124
524,474.813696,0.0,0.0,270.935022,0.0,0.0,3569.11376953125,19036.0,18699.89892578125,111.4405,0.9286708333333333,62.0,99.0,77.0,1.6,2026-04-06T14:53:42.810942
525,471.58196,0.0,0.0,270.8002,0.0,0.0,3569.11376953125,19036.0,18699.89892578125,111.4405,0.9286708333333333,62.0,99.0,77.0,1.6,2026-04-06T14:53:43.282748
526,475.127031,0.0,0.0,270.75296,0.0,0.0,3569.11376953125,19036.0,18699.89892578125,109.145,0.9095416666666667,62.0,100.0,75.0,1.6,2026-04-06T14:53:43.760452
527,472.844612,0.0,0.0,270.74838,0.0,0.0,3569.11376953125,19036.0,18699.89892578125,109.145,0.9095416666666667,62.0,100.0,75.0,1.6,2026-04-06T14:53:44.233537
528,474.44762,0.0,0.0,270.742429,0.0,0.0,3569.11376953125,19036.0,18699.89892578125,100.5755,0.8381291666666667,62.0,100.0,77.0,1.6,2026-04-06T14:53:44.710840
529,472.898113,0.0,0.0,270.955003,0.0,0.0,3569.11376953125,19036.0,18699.89892578125,100.5755,0.8381291666666667,62.0,100.0,77.0,1.6,2026-04-06T14:53:45.183959
530,474.693164,0.0,0.0,270.482034,0.0,0.0,3569.11376953125,19036.0,18699.89892578125,110.112,0.9175999999999999,62.0,100.0,78.0,1.6,2026-04-06T14:53:45.661727
531,472.585787,0.0,0.0,270.782439,0.0,0.0,3569.11376953125,19036.0,18699.89892578125,110.112,0.9175999999999999,62.0,100.0,78.0,1.6,2026-04-06T14:53:46.134534
532,474.702915,0.0,0.0,270.935833,0.0,0.0,3569.11376953125,19036.0,18699.89892578125,99.534,0.82945,62.0,100.0,77.0,1.7,2026-04-06T14:53:46.611988
533,472.763,0.0,0.0,270.939613,0.0,0.0,3569.11376953125,19036.0,18699.89892578125,99.534,0.82945,62.0,100.0,77.0,1.7,2026-04-06T14:53:47.084981
534,473.90648,0.0,0.0,269.855844,0.0,0.0,3569.11376953125,19036.0,18699.89892578125,110.3905,0.9199208333333334,61.0,100.0,76.0,1.7,2026-04-06T14:53:47.567085
535,467.840935,0.0,0.0,271.047104,0.0,0.0,3569.11376953125,19036.0,18699.89892578125,110.3905,0.9199208333333334,61.0,100.0,76.0,1.7,2026-04-06T14:53:48.035156
536,474.685214,0.0,0.0,270.698568,0.0,0.0,3569.11376953125,19036.0,18699.89892578125,98.224,0.8185333333333334,62.0,100.0,77.0,1.6,2026-04-06T14:53:48.512674
537,472.428744,0.0,0.0,270.747929,0.0,0.0,3569.11376953125,19036.0,18699.89892578125,98.224,0.8185333333333334,62.0,100.0,77.0,1.6,2026-04-06T14:53:48.985326
538,474.43575,0.0,0.0,270.618196,0.0,0.0,3569.11376953125,19036.0,18699.89892578125,110.1355,0.9177958333333333,61.0,99.0,76.0,1.6,2026-04-06T14:53:49.467297
539,468.254883,0.0,0.0,270.871122,0.0,0.0,3569.11376953125,19036.0,18699.89892578125,110.1355,0.9177958333333333,61.0,99.0,76.0,1.6,2026-04-06T14:53:49.935790
540,474.679623,0.0,0.0,270.538336,0.0,0.0,3569.11376953125,19036.0,18699.89892578125,99.7305,0.8310875,61.0,99.0,77.0,1.6,2026-04-06T14:53:50.413220
541,472.20464,0.0,0.0,270.046467,0.0,0.0,3569.11376953125,19036.0,18699.89892578125,99.7305,0.8310875,61.0,99.0,77.0,1.6,2026-04-06T14:53:50.885641
542,475.537789,0.0,0.0,271.32765,0.0,0.0,3569.11376953125,19036.0,18699.89892578125,109.9985,0.9166541666666668,61.0,99.0,75.0,1.6,2026-04-06T14:53:51.366009
543,470.596723,0.0,0.0,270.559986,0.0,0.0,3569.11376953125,19036.0,18699.89892578125,109.9985,0.9166541666666668,61.0,99.0,75.0,1.6,2026-04-06T14:53:51.836850
544,474.422669,0.0,0.0,270.686998,0.0,0.0,3569.11376953125,19036.0,18699.89892578125,99.61,0.8300833333333334,61.0,100.0,77.0,1.6,2026-04-06T14:53:52.314094
545,472.222242,0.0,0.0,270.052346,0.0,0.0,3569.11376953125,19036.0,18699.89892578125,99.61,0.8300833333333334,61.0,100.0,77.0,1.6,2026-04-06T14:53:52.786535
546,474.119523,0.0,0.0,270.596757,0.0,0.0,3569.11376953125,19036.0,18699.89892578125,109.3075,0.9108958333333335,61.0,100.0,77.0,1.6,2026-04-06T14:53:53.265949
547,470.169335,0.0,0.0,270.515585,0.0,0.0,3569.11376953125,19036.0,18699.89892578125,109.3075,0.9108958333333335,61.0,100.0,77.0,1.6,2026-04-06T14:53:53.736341
548,474.902077,0.0,0.0,270.80994,0.0,0.0,3569.11376953125,19036.0,18699.89892578125,99.6225,0.8301875000000001,61.0,100.0,77.0,1.7,2026-04-06T14:53:54.214020
549,472.578287,0.0,0.0,270.996164,0.0,0.0,3569.11376953125,19036.0,18699.89892578125,99.6225,0.8301875000000001,61.0,100.0,77.0,1.7,2026-04-06T14:53:54.686833
550,475.101591,0.0,0.0,270.583716,0.0,0.0,3569.11376953125,19036.0,18699.89892578125,109.334,0.9111166666666667,61.0,99.0,75.0,1.7,2026-04-06T14:53:55.166442
551,470.505181,0.0,0.0,270.619076,0.0,0.0,3569.11376953125,19036.0,18699.89892578125,109.334,0.9111166666666667,61.0,99.0,75.0,1.7,2026-04-06T14:53:55.637169
552,474.476621,0.0,0.0,270.359463,0.0,0.0,3569.11376953125,19036.0,18699.89892578125,101.224,0.8435333333333334,61.0,100.0,78.0,1.6,2026-04-06T14:53:56.114397
553,472.74409,0.0,0.0,270.966003,0.0,0.0,3569.11376953125,19036.0,18699.89892578125,101.224,0.8435333333333334,61.0,100.0,78.0,1.6,2026-04-06T14:53:56.587365
554,474.868497,0.0,0.0,271.010884,0.0,0.0,3569.11376953125,19036.0,18699.89892578125,108.776,0.9064666666666666,61.0,100.0,77.0,1.6,2026-04-06T14:53:57.066048
555,471.721622,0.0,0.0,270.577406,0.0,0.0,3569.11376953125,19036.0,18699.89892578125,108.776,0.9064666666666666,61.0,100.0,77.0,1.6,2026-04-06T14:53:57.538000
556,474.779655,0.0,0.0,270.80612,0.0,0.0,3569.11376953125,19036.0,18699.89892578125,99.092,0.8257666666666666,61.0,100.0,78.0,1.6,2026-04-06T14:53:58.015524
557,472.613358,0.0,0.0,270.584115,0.0,0.0,3569.11376953125,19036.0,18699.89892578125,99.092,0.8257666666666666,61.0,100.0,78.0,1.6,2026-04-06T14:53:58.488362
558,474.627052,0.0,0.0,270.711288,0.0,0.0,3569.11376953125,19036.0,18699.89892578125,109.6195,0.9134958333333334,61.0,100.0,76.0,1.6,2026-04-06T14:53:58.966288
559,472.305943,0.0,0.0,270.827751,0.0,0.0,3569.11376953125,19036.0,18699.89892578125,109.6195,0.9134958333333334,61.0,100.0,76.0,1.6,2026-04-06T14:53:59.438815
560,474.49251,0.0,0.0,270.452275,0.0,0.0,3569.11376953125,19036.0,18699.89892578125,99.145,0.8262083333333333,61.0,100.0,77.0,1.6,2026-04-06T14:53:59.916211
561,472.266881,0.0,0.0,270.604067,0.0,0.0,3569.11376953125,19036.0,18699.89892578125,99.145,0.8262083333333333,61.0,100.0,77.0,1.6,2026-04-06T14:54:00.388697
562,474.361869,0.0,0.0,270.76941,0.0,0.0,3569.11376953125,19036.0,18699.89892578125,110.049,0.9170750000000001,61.0,100.0,77.0,1.6,2026-04-06T14:54:00.866693
563,471.59163,0.0,0.0,270.623426,0.0,0.0,3569.11376953125,19036.0,18699.89892578125,110.049,0.9170750000000001,61.0,100.0,77.0,1.6,2026-04-06T14:54:01.338523
564,474.535621,0.0,0.0,270.666038,0.0,0.0,3569.11376953125,19036.0,18699.89892578125,99.3,0.8275,61.0,99.0,78.0,1.6,2026-04-06T14:54:01.816274
565,471.922055,0.0,0.0,270.331992,0.0,0.0,3569.11376953125,19036.0,18699.89892578125,99.3,0.8275,61.0,99.0,78.0,1.6,2026-04-06T14:54:02.288408
566,474.804167,0.0,0.0,270.802471,0.0,0.0,3569.11376953125,19036.0,18699.89892578125,109.6165,0.9134708333333333,61.0,99.0,76.0,1.7,2026-04-06T14:54:02.766069
567,471.742322,0.0,0.0,270.20851,0.0,0.0,3569.11376953125,19036.0,18699.89892578125,109.6165,0.9134708333333333,61.0,99.0,76.0,1.7,2026-04-06T14:54:03.238120
568,474.374929,0.0,0.0,270.458595,0.0,0.0,3569.11376953125,19036.0,18699.89892578125,99.7065,0.8308875,61.0,100.0,77.0,1.6,2026-04-06T14:54:03.716821
569,470.968979,0.0,0.0,270.495095,0.0,0.0,3569.11376953125,19036.0,18699.89892578125,99.7065,0.8308875,61.0,100.0,77.0,1.6,2026-04-06T14:54:04.188021
570,474.621952,0.0,0.0,270.751909,0.0,0.0,3569.11376953125,19036.0,18699.89892578125,109.287,0.910725,61.0,100.0,77.0,1.6,2026-04-06T14:54:04.665375
571,472.391334,0.0,0.0,270.651767,0.0,0.0,3569.11376953125,19036.0,18699.89892578125,109.287,0.910725,61.0,100.0,77.0,1.6,2026-04-06T14:54:05.138002
572,473.85707,0.0,0.0,269.968066,0.0,0.0,3569.11376953125,19036.0,18699.89892578125,99.7785,0.8314875,61.0,100.0,78.0,1.7,2026-04-06T14:54:05.615062
573,473.137097,0.0,0.0,271.246978,0.0,0.0,3569.11376953125,19036.0,18699.89892578125,99.7785,0.8314875,61.0,100.0,78.0,1.7,2026-04-06T14:54:06.088439
574,475.02596,0.0,0.0,270.962923,0.0,0.0,3569.11376953125,19036.0,18699.89892578125,108.3235,0.9026958333333334,61.0,100.0,75.0,1.8,2026-04-06T14:54:06.566302
575,472.643968,0.0,0.0,270.890762,0.0,0.0,3569.11376953125,19036.0,18699.89892578125,108.3235,0.9026958333333334,61.0,100.0,75.0,1.8,2026-04-06T14:54:07.039177
576,474.411819,0.0,0.0,270.447004,0.0,0.0,3569.11376953125,19036.0,18699.89892578125,99.257,0.8271416666666667,60.0,100.0,77.0,1.8,2026-04-06T14:54:07.543226
577,445.566656,0.0,0.0,270.735429,0.0,0.0,3569.11376953125,19036.0,18699.89892578125,99.257,0.8271416666666667,60.0,100.0,77.0,1.8,2026-04-06T14:54:07.989043
578,474.47221,0.0,0.0,270.660637,0.0,0.0,3569.11376953125,19036.0,18699.89892578125,110.376,0.9198000000000001,61.0,100.0,76.0,1.6,2026-04-06T14:54:08.466267
579,472.363774,0.0,0.0,270.573607,0.0,0.0,3569.11376953125,19036.0,18699.89892578125,110.376,0.9198000000000001,61.0,100.0,76.0,1.6,2026-04-06T14:54:08.938860
580,474.118913,0.0,0.0,270.407343,0.0,0.0,3569.11376953125,19036.0,18699.89892578125,99.163,0.8263583333333333,61.0,100.0,78.0,1.6,2026-04-06T14:54:09.420524
581,468.248211,0.0,0.0,270.78666,0.0,0.0,3569.11376953125,19036.0,18699.89892578125,99.163,0.8263583333333333,61.0,100.0,78.0,1.6,2026-04-06T14:54:09.889009
582,474.401579,0.0,0.0,270.625567,0.0,0.0,3569.11376953125,19036.0,18699.89892578125,110.8375,0.9236458333333334,61.0,99.0,76.0,1.6,2026-04-06T14:54:10.366142
583,472.399593,0.0,0.0,269.975325,0.0,0.0,3569.11376953125,19036.0,18699.89892578125,110.8375,0.9236458333333334,61.0,99.0,76.0,1.6,2026-04-06T14:54:10.838759
584,474.549362,0.0,0.0,270.681278,0.0,0.0,3569.11376953125,19036.0,18699.89892578125,98.623,0.8218583333333334,61.0,100.0,77.0,1.6,2026-04-06T14:54:11.319792
585,469.103856,0.0,0.0,270.86571,0.0,0.0,3569.11376953125,19036.0,18699.89892578125,98.623,0.8218583333333334,61.0,100.0,77.0,1.6,2026-04-06T14:54:11.789121
586,474.077174,0.0,0.0,270.22999,0.0,0.0,3569.11376953125,19036.0,18699.89892578125,111.2075,0.9267291666666666,61.0,100.0,77.0,1.7,2026-04-06T14:54:12.266095
587,472.548017,0.0,0.0,270.607167,0.0,0.0,3569.11376953125,19036.0,18699.89892578125,111.2075,0.9267291666666666,61.0,100.0,77.0,1.7,2026-04-06T14:54:12.738847
588,474.990919,0.0,0.0,270.639048,0.0,0.0,3569.11376953125,19036.0,18699.89892578125,98.386,0.8198833333333333,61.0,100.0,78.0,1.6,2026-04-06T14:54:13.219228
589,469.783368,0.0,0.0,270.611287,0.0,0.0,3569.11376953125,19036.0,18699.89892578125,98.386,0.8198833333333333,61.0,100.0,78.0,1.6,2026-04-06T14:54:13.689238
590,474.44037,0.0,0.0,270.603156,0.0,0.0,3569.11376953125,19036.0,18699.89892578125,110.9515,0.9245958333333334,61.0,99.0,76.0,1.7,2026-04-06T14:54:14.167504
591,471.400316,0.0,0.0,270.636427,0.0,0.0,3569.11376953125,19036.0,18699.89892578125,110.9515,0.9245958333333334,61.0,99.0,76.0,1.7,2026-04-06T14:54:14.639125
592,473.894591,0.0,0.0,269.936735,0.0,0.0,3569.11376953125,19036.0,18699.89892578125,98.6375,0.8219791666666667,61.0,100.0,77.0,1.6,2026-04-06T14:54:15.118602
593,470.205726,0.0,0.0,270.660548,0.0,0.0,3569.11376953125,19036.0,18699.89892578125,98.6375,0.8219791666666667,61.0,100.0,77.0,1.6,2026-04-06T14:54:15.589041
594,473.773358,0.0,0.0,270.361092,0.0,0.0,3569.11376953125,19036.0,18699.89892578125,110.9635,0.9246958333333333,61.0,100.0,77.0,1.6,2026-04-06T14:54:16.065629
595,472.313923,0.0,0.0,270.610227,0.0,0.0,3569.11376953125,19036.0,18699.89892578125,110.9635,0.9246958333333333,61.0,100.0,77.0,1.6,2026-04-06T14:54:16.538185
596,474.814516,0.0,0.0,270.74035,0.0,0.0,3569.11376953125,19036.0,18699.89892578125,98.976,0.8248,61.0,100.0,78.0,1.6,2026-04-06T14:54:17.017986
597,470.49042,0.0,0.0,270.747749,0.0,0.0,3569.11376953125,19036.0,18699.89892578125,98.976,0.8248,61.0,100.0,78.0,1.6,2026-04-06T14:54:17.488713
598,474.134934,0.0,0.0,270.455894,0.0,0.0,3569.11376953125,19036.0,18699.89892578125,110.746,0.9228833333333333,61.0,100.0,76.0,1.6,2026-04-06T14:54:17.966213
599,471.634081,0.0,0.0,270.76657,0.0,0.0,3569.11376953125,19036.0,18699.89892578125,110.746,0.9228833333333333,61.0,100.0,76.0,1.6,2026-04-06T14:54:18.438067
600,474.204166,0.0,0.0,270.537886,0.0,0.0,3569.11376953125,19036.0,18699.89892578125,98.699,0.8224916666666666,61.0,100.0,76.0,1.6,2026-04-06T14:54:18.917549
601,470.180915,0.0,0.0,270.536056,0.0,0.0,3569.11376953125,19036.0,18699.89892578125,98.699,0.8224916666666666,61.0,100.0,76.0,1.6,2026-04-06T14:54:19.387965
602,475.122741,0.0,0.0,271.131016,0.0,0.0,3569.11376953125,19036.0,18699.89892578125,110.222,0.9185166666666666,61.0,100.0,77.0,1.7,2026-04-06T14:54:19.865904
603,472.551297,0.0,0.0,270.853592,0.0,0.0,3569.11376953125,19036.0,18699.89892578125,110.222,0.9185166666666666,61.0,100.0,77.0,1.7,2026-04-06T14:54:20.338676
604,473.964462,0.0,0.0,270.331841,0.0,0.0,3569.11376953125,19036.0,18699.89892578125,98.8635,0.8238625,61.0,99.0,78.0,1.6,2026-04-06T14:54:20.816659
605,471.377987,0.0,0.0,270.409292,0.0,0.0,3569.11376953125,19036.0,18699.89892578125,98.8635,0.8238625,61.0,99.0,78.0,1.6,2026-04-06T14:54:21.288247
606,474.528691,0.0,0.0,270.580747,0.0,0.0,3569.11376953125,19036.0,18699.89892578125,111.1555,0.9262958333333333,61.0,100.0,76.0,1.6,2026-04-06T14:54:21.765487
607,472.610568,0.0,0.0,270.75392,0.0,0.0,3569.11376953125,19036.0,18699.89892578125,111.1555,0.9262958333333333,61.0,100.0,76.0,1.6,2026-04-06T14:54:22.238343
608,475.272724,0.0,0.0,271.146846,0.0,0.0,3569.11376953125,19036.0,18699.89892578125,98.6915,0.8224291666666668,61.0,100.0,76.0,1.7,2026-04-06T14:54:22.717401
609,472.551507,0.0,0.0,270.999014,0.0,0.0,3569.11376953125,19036.0,18699.89892578125,98.6915,0.8224291666666668,61.0,100.0,76.0,1.7,2026-04-06T14:54:23.190184
610,475.897565,0.0,0.0,271.141836,0.0,0.0,3569.11376953125,19036.0,18699.89892578125,110.756,0.9229666666666666,61.0,100.0,77.0,1.6,2026-04-06T14:54:23.670322
611,471.773823,0.0,0.0,270.921732,0.0,0.0,3569.11376953125,19036.0,18699.89892578125,110.756,0.9229666666666666,61.0,100.0,77.0,1.6,2026-04-06T14:54:24.142326
612,476.101839,0.0,0.0,271.528723,0.0,0.0,3569.11376953125,19036.0,18699.89892578125,98.3625,0.8196875,61.0,99.0,78.0,1.6,2026-04-06T14:54:24.621158
613,473.721797,0.0,0.0,271.284039,0.0,0.0,3569.11376953125,19036.0,18699.89892578125,98.3625,0.8196875,61.0,99.0,78.0,1.6,2026-04-06T14:54:25.095111
614,475.561089,0.0,0.0,271.096105,0.0,0.0,3569.11376953125,19036.0,18699.89892578125,110.307,0.919225,60.0,100.0,76.0,1.6,2026-04-06T14:54:25.597493
615,448.908595,0.0,0.0,270.721179,0.0,0.0,3569.11376953125,19036.0,18699.89892578125,110.307,0.919225,60.0,100.0,76.0,1.6,2026-04-06T14:54:26.046708
616,475.490757,0.0,0.0,271.073515,0.0,0.0,3569.11376953125,19036.0,18699.89892578125,98.613,0.8217749999999999,61.0,100.0,76.0,1.6,2026-04-06T14:54:26.527624
617,471.082741,0.0,0.0,271.113435,0.0,0.0,3569.11376953125,19036.0,18699.89892578125,98.613,0.8217749999999999,61.0,100.0,76.0,1.6,2026-04-06T14:54:26.998942
618,475.439917,0.0,0.0,271.097645,0.0,0.0,3569.11376953125,19036.0,18699.89892578125,109.735,0.9144583333333334,61.0,100.0,77.0,1.7,2026-04-06T14:54:27.479549
619,471.165723,0.0,0.0,271.098165,0.0,0.0,3569.11376953125,19036.0,18699.89892578125,109.735,0.9144583333333334,61.0,100.0,77.0,1.7,2026-04-06T14:54:27.950946
620,475.497948,0.0,0.0,270.954633,0.0,0.0,3569.11376953125,19036.0,18699.89892578125,98.4915,0.8207625,60.0,100.0,78.0,1.6,2026-04-06T14:54:28.435146
621,467.58543,0.0,0.0,271.169806,0.0,0.0,3569.11376953125,19036.0,18699.89892578125,98.4915,0.8207625,60.0,100.0,78.0,1.6,2026-04-06T14:54:28.902968
622,475.853234,0.0,0.0,271.375881,0.0,0.0,3569.11376953125,19036.0,18699.89892578125,111.419,0.9284916666666666,61.0,99.0,77.0,1.6,2026-04-06T14:54:29.383629
623,471.777223,0.0,0.0,271.315139,0.0,0.0,3569.11376953125,19036.0,18699.89892578125,111.419,0.9284916666666666,61.0,99.0,77.0,1.6,2026-04-06T14:54:29.855625
624,475.536798,0.0,0.0,271.291318,0.0,0.0,3569.11376953125,19036.0,18699.89892578125,97.9885,0.8165708333333334,61.0,100.0,74.0,1.6,2026-04-06T14:54:30.334964
625,471.59547,0.0,0.0,270.320631,0.0,0.0,3569.11376953125,19036.0,18699.89892578125,97.9885,0.8165708333333334,61.0,100.0,74.0,1.6,2026-04-06T14:54:30.806784
626,476.14226,0.0,0.0,271.285599,0.0,0.0,3569.11376953125,19036.0,18699.89892578125,111.149,0.9262416666666667,61.0,100.0,77.0,1.6,2026-04-06T14:54:31.285685
627,473.773858,0.0,0.0,271.227317,0.0,0.0,3569.11376953125,19036.0,18699.89892578125,111.149,0.9262416666666667,61.0,100.0,77.0,1.6,2026-04-06T14:54:31.759671
628,475.681331,0.0,0.0,271.36388,0.0,0.0,3569.11376953125,19036.0,18699.89892578125,97.722,0.8143499999999999,61.0,100.0,78.0,1.9,2026-04-06T14:54:32.238231
629,473.616285,0.0,0.0,271.35179,0.0,0.0,3569.11376953125,19036.0,18699.89892578125,97.722,0.8143499999999999,61.0,100.0,78.0,1.9,2026-04-06T14:54:32.712072
630,475.763743,0.0,0.0,271.287358,0.0,0.0,3569.11376953125,19036.0,18699.89892578125,110.945,0.9245416666666666,60.0,99.0,76.0,1.9,2026-04-06T14:54:33.193121
